video_id,channel_id,channel_name,video_title,publish_date,views,likes,comments,duration,live_broadcast_content
w1ayRv8j5yk,UCOmHUn--16B90oW2L6FRR3A,BLACKPINK,BLACKPINK - DEADLINE JACKET MAKING FILM,2026-03-13T10:00:03Z,2110846,215882,10095,PT2M21S,none
0LLFprdOHqo,UCOmHUn--16B90oW2L6FRR3A,BLACKPINK,BLACKPINK - 'GO' M/V Behind the Scenes,2026-03-09T09:00:03Z,2866805,255732,9552,PT7M20S,none
1EmQk31ImH0,UCOmHUn--16B90oW2L6FRR3A,BLACKPINK,‘GO’ with LISA,2026-03-09T08:30:01Z,3166909,242218,11690,PT23S,none
7F-XXeRzNb8,UCOmHUn--16B90oW2L6FRR3A,BLACKPINK,‘GO’ with ROSÉ,2026-03-09T08:00:06Z,2598540,176318,4797,PT23S,none
_lK8YkoOYUI,UCOmHUn--16B90oW2L6FRR3A,BLACKPINK,‘GO’ with JENNIE,2026-03-05T08:30:01Z,3473949,296820,7481,PT23S,none
v33fDKrzbhg,UCOmHUn--16B90oW2L6FRR3A,BLACKPINK,‘GO’ with JISOO,2026-03-05T08:01:02Z,4494967,349987,8516,PT23S,none
wHYqsIg2Qkw,UCOmHUn--16B90oW2L6FRR3A,BLACKPINK,DEADLINE: BLACKPINK WILL MAKE YOU in NATIONAL MUSEUM OF KOREA with Spotify,2026-03-05T07:00:01Z,1839978,162409,2982,PT1M,none
yQhbf7BW_wI,UCOmHUn--16B90oW2L6FRR3A,BLACKPINK,BLACKPINK - ‘뛰어(JUMP)’ (Official Audio),2026-03-01T05:04:00Z,853073,63608,3125,PT2M45S,none
k7JitOG5wVo,UCOmHUn--16B90oW2L6FRR3A,BLACKPINK,BLACKPINK - ‘GO’ (Official Audio),2026-03-01T05:03:00Z,1554311,74816,3215,PT3M16S,none
AJ2QxtR0dJc,UCOmHUn--16B90oW2L6FRR3A,BLACKPINK,BLACKPINK - ‘Me and my’ (Official Audio),2026-03-01T05:02:00Z,5503376,203832,10222,PT2M53S,none
PgOGYHPoPsE,UCOmHUn--16B90oW2L6FRR3A,BLACKPINK,BLACKPINK - ‘Champion’ (Official Audio),2026-03-01T05:01:07Z,9712054,302706,13764,PT2M53S,none
bgKZC7BgG-M,UCOmHUn--16B90oW2L6FRR3A,BLACKPINK,BLACKPINK - ‘Fxxxboy’ (Official Audio),2026-03-01T05:00:48Z,3311212,147886,8290,PT3M8S,none
PWBgiqpOQqo,UCOmHUn--16B90oW2L6FRR3A,BLACKPINK,BLACKPINK - ‘GO’ M/V HIGHLIGHT CLIP,2026-02-28T03:00:29Z,3551005,289949,5700,PT21S,none
0rj1gqOlTIo,UCOmHUn--16B90oW2L6FRR3A,BLACKPINK,BLACKPINK ‘GO’ OUT NOW,2026-02-27T05:34:32Z,4636385,365615,9618,PT34S,none
2GJfWMYCWY0,UCOmHUn--16B90oW2L6FRR3A,BLACKPINK,BLACKPINK - ‘GO’ M/V,2026-02-27T05:00:07Z,85087975,3744723,392241,PT3M22S,none
_t_jdSMufrU,UCOmHUn--16B90oW2L6FRR3A,BLACKPINK,BLACKPINK - ‘GO’ M/V TEASER,2026-02-23T15:00:05Z,7572022,781159,50534,PT27S,none
l-_1pTW1yp4,UCOmHUn--16B90oW2L6FRR3A,BLACKPINK,BLACKPINK - 3rd MINI ALBUM [DEADLINE] ALBUM MOTION GRAPHIC,2026-02-23T09:00:19Z,1681087,196260,8480,PT40S,none
0SuAHUdHbx0,UCOmHUn--16B90oW2L6FRR3A,BLACKPINK,BLACKPINK - HITS 100 MILLION SUBSCRIBERS ON YOUTUBEㅣThank you BLINKs!,2026-02-21T09:00:02Z,2146956,341454,23170,PT1M28S,none
TLH4ZhtdIV8,UCOmHUn--16B90oW2L6FRR3A,BLACKPINK,BLACKPINK - WORLD TOUR [DEADLINE] IN HONG KONG Behind the Scenes,2026-02-20T09:00:06Z,1437179,124446,7104,PT13M41S,none
K95-UsEVyJg,UCOmHUn--16B90oW2L6FRR3A,BLACKPINK,BLACKPINK - WORLD TOUR [DEADLINE] IN TOKYO Behind the Scenes,2026-02-13T09:00:34Z,1054551,100516,5559,PT7M43S,none
DinuqW4w04A,UCOmHUn--16B90oW2L6FRR3A,BLACKPINK,BLACKPINK WORLD TOUR [DEADLINE] IN HONG KONG 🎆,2026-01-30T08:00:27Z,2116485,143700,5195,PT1M1S,none
oCInq2BAq-E,UCOmHUn--16B90oW2L6FRR3A,BLACKPINK,BLACKPINK WORLD TOUR [DEADLINE] IN TOKYO 🗼,2026-01-23T08:01:02Z,1996122,146542,3481,PT1M,none
6gi87AUDs0M,UCOmHUn--16B90oW2L6FRR3A,BLACKPINK,BLACKPINK 3rd MINI ALBUM [DEADLINE],2026-01-14T15:00:02Z,3015833,280173,19924,PT19S,none
myBJvnB5Ccw,UCOmHUn--16B90oW2L6FRR3A,BLACKPINK,BLACKPINK 3rd MINI ALBUM [DEADLINE],2026-01-14T15:00:02Z,2987625,210206,7886,PT19S,none
vy_mB6QY-Sc,UCOmHUn--16B90oW2L6FRR3A,BLACKPINK,BLACKPINK - WORLD TOUR [DEADLINE] IN BANGKOK Behind the Scenes,2025-12-09T09:01:35Z,2036693,125656,6102,PT8M46S,none
QWmNeYST1Qk,UCOmHUn--16B90oW2L6FRR3A,BLACKPINK,BLACKPINK WORLD TOUR [DEADLINE] IN SINGAPORE 🌸 #BLACKPINK #WORLDTOUR #DEADLINE_IN_SINGAPORE,2025-12-05T06:00:35Z,2543197,153997,6516,PT50S,none
lUe1gtbkwF4,UCOmHUn--16B90oW2L6FRR3A,BLACKPINK,BLACKPINK WORLD TOUR [DEADLINE] IN BULACAN 💟 #BLACKPINK #WORLDTOUR #DEADLINE #DEADLINE_IN_BULACAN,2025-11-28T05:00:49Z,1766193,113743,2825,PT52S,none
xcy2nNd0dSE,UCOmHUn--16B90oW2L6FRR3A,BLACKPINK,BLACKPINK WORLD TOUR [DEADLINE] IN JAKARTA 🌴 #BLACKPINK #WORLDTOUR #DEADLINE #DEADLINE_IN_JAKARTA,2025-11-06T08:01:10Z,2381042,141472,3651,PT45S,none
2EM6T67GRxg,UCOmHUn--16B90oW2L6FRR3A,BLACKPINK,BLACKPINK WORLD TOUR [DEADLINE] IN BANGKOK 💫 #BLACKPINK #WORLDTOUR #DEADLINE #DEADLINE_IN_BANGKOK,2025-10-31T08:00:07Z,1830716,117466,2791,PT54S,none
BoltdEtPiq8,UCOmHUn--16B90oW2L6FRR3A,BLACKPINK,BLACKPINK WORLD TOUR [DEADLINE] IN KAOHSIUNG 💌 #BLACKPINK #WORLDTOUR #DEADLINE_IN_KAOHSIUNG,2025-10-23T08:00:15Z,2625279,160123,4152,PT58S,none
W-9-keHNwV8,UCOmHUn--16B90oW2L6FRR3A,BLACKPINK,BLACKPINK - WORLD TOUR [DEADLINE] IN PARIS & LONDON Behind the Scenes,2025-09-11T09:00:26Z,4859700,162261,8354,PT11M5S,none
pAeqY-TEZc0,UCOmHUn--16B90oW2L6FRR3A,BLACKPINK,BLACKPINK WORLD TOUR [DEADLINE] IN LONDON 🎡 #BLACKPINK #WORLDTOUR #DEADLINE #DEADLINE_IN_LONDON,2025-08-22T10:01:34Z,2683706,174706,6259,PT52S,none
WB_AOdAEuBM,UCOmHUn--16B90oW2L6FRR3A,BLACKPINK,BLACKPINK - WORLD TOUR [DEADLINE] IN LA Behind the Scenes,2025-08-21T09:00:05Z,2385154,157686,7191,PT8M7S,none
zTnAvaoHR4I,UCOmHUn--16B90oW2L6FRR3A,BLACKPINK,BLACKPINK - WORLD TOUR [DEADLINE] IN GOYANG Behind the Scenes,2025-08-14T09:00:19Z,4611377,250238,10810,PT11M59S,none
kAD9usNFh40,UCOmHUn--16B90oW2L6FRR3A,BLACKPINK,BLACKPINK WORLD TOUR [DEADLINE] IN BARCELONA ☀️ #BLACKPINK #WORLDTOUR #DEADLINE_IN_BARCELONA,2025-08-13T10:01:14Z,2047943,145349,3723,PT47S,none
_MffnMh2tas,UCOmHUn--16B90oW2L6FRR3A,BLACKPINK,BLACKPINK WORLD TOUR [DEADLINE] IN MILAN 🎉 #BLACKPINK #블랙핑크 #WORLDTOUR #DEADLINE #DEADLINE_IN_MILAN,2025-08-09T06:00:35Z,1792044,149682,3762,PT47S,none
TL4KxShGOZo,UCOmHUn--16B90oW2L6FRR3A,BLACKPINK,BLACKPINK - BLACKPINK 9TH ANNIVERSARY #BLACKPINK #블랙핑크 #BLACKPINK9THANNIVERSARY #20250808 #YG,2025-08-07T15:00:53Z,4385249,321682,13894,PT19S,none
7QILfdCO6C4,UCOmHUn--16B90oW2L6FRR3A,BLACKPINK,BLACKPINK WORLD TOUR [DEADLINE] IN PARIS 🌷 #BLACKPINK #WORLDTOUR #DEADLINE #DEADLINE_IN_PARIS,2025-08-06T06:00:05Z,1995809,153733,4584,PT43S,none
sOrVRJNMJn8,UCOmHUn--16B90oW2L6FRR3A,BLACKPINK,BLACKPINK WORLD TOUR [DEADLINE] IN NEW YORK 🗽 #BLACKPINK #WORLDTOUR #DEADLINE #DEADLINE_IN_NEWYORK,2025-08-01T10:01:31Z,1419405,122844,3099,PT47S,none
P169hsXjYQs,UCOmHUn--16B90oW2L6FRR3A,BLACKPINK,BLACKPINK - '뛰어(JUMP)' Live at WORLD TOUR [DEADLINE] IN GOYANG,2025-07-29T03:00:08Z,51942097,775019,17506,PT3M8S,none
cuIrjGTGfLs,UCOmHUn--16B90oW2L6FRR3A,BLACKPINK,BLACKPINK WORLD TOUR [DEADLINE] IN TORONTO 🍁 #BLACKPINK #WORLDTOUR #DEADLINE #DEADLINE_IN_TORONTO,2025-07-26T10:01:04Z,1616991,137197,3460,PT45S,none
YOy_-1ukMIY,UCOmHUn--16B90oW2L6FRR3A,BLACKPINK,BLACKPINK WORLD TOUR [DEADLINE] IN CHICAGO ✨ #BLACKPINK #WORLDTOUR #DEADLINE #DEADLINE_IN_CHICAGO,2025-07-22T10:01:01Z,1878231,158068,3689,PT41S,none
PNZ6_9hgDmo,UCOmHUn--16B90oW2L6FRR3A,BLACKPINK,‘뛰어(JUMP)’ with 리사 #BLACKPINK #블랙핑크 #LISA #리사 #뛰어 #JUMP #shorts,2025-07-22T03:00:33Z,8545522,381234,6112,PT20S,none
C7D70HFOEwg,UCOmHUn--16B90oW2L6FRR3A,BLACKPINK,‘뛰어(JUMP)’ with 로제 #BLACKPINK #블랙핑크 #ROSÉ #로제 #뛰어 #JUMP #shorts,2025-07-22T02:00:10Z,8297180,317506,4315,PT21S,none
OIT4-nkQVyo,UCOmHUn--16B90oW2L6FRR3A,BLACKPINK,BLACKPINK - ‘뛰어(JUMP)’ M/V Behind the Scenes,2025-07-21T09:00:01Z,7652540,377086,11815,PT7M58S,none
JBkVSQ6wMVI,UCOmHUn--16B90oW2L6FRR3A,BLACKPINK,BLACKPINK - NEW OFFICIAL LIGHT STICK SPECIAL EDITION 🩷,2025-07-20T09:00:05Z,1924731,199786,9808,PT38S,none
jbsccJy9vOs,UCOmHUn--16B90oW2L6FRR3A,BLACKPINK,BLACKPINK WORLD TOUR [DEADLINE] IN LA 🩷 #BLACKPINK #블랙핑크 #WORLDTOUR #DEADLINE #DEADLINE_IN_LA #YG,2025-07-18T10:01:29Z,2418216,185801,4460,PT1M,none
Y8KlyeWszv0,UCOmHUn--16B90oW2L6FRR3A,BLACKPINK,‘뛰어(JUMP)’ with 제니 #BLACKPINK #블랙핑크 #JENNIE #제니 #뛰어 #JUMP #shorts,2025-07-17T12:01:05Z,8822412,411509,6580,PT20S,none
23U0c8vtTh0,UCOmHUn--16B90oW2L6FRR3A,BLACKPINK,‘뛰어(JUMP)’ with 지수 #BLACKPINK #블랙핑크 #JISOO #지수 #뛰어 #JUMP #shorts,2025-07-17T11:00:03Z,14346430,591720,8153,PT20S,none
TbycDEJ1cQs,UCOmHUn--16B90oW2L6FRR3A,BLACKPINK,Behind the scenes of ‘뛰어(JUMP)’ #BLACKPINK #JISOO #지수 #JENNIE #제니 #ROSÉ #로제 #LISA #리사 #뛰어 #JUMP,2025-07-16T10:00:59Z,7396374,379193,5685,PT21S,none
JPnvxH_GvlA,UCOmHUn--16B90oW2L6FRR3A,BLACKPINK,BLACKPINK WORLD TOUR [DEADLINE] IN GOYANG 🖤 #BLACKPINK #WORLDTOUR #DEADLINE #DEADLINE_IN_GOYANG #YG,2025-07-12T05:00:29Z,3338834,277711,5893,PT55S,none
RUKqwwyAiEU,UCOmHUn--16B90oW2L6FRR3A,BLACKPINK,BLACKPINK - ‘뛰어(JUMP)’ (Official Audio),2025-07-12T04:00:02Z,23468553,304267,10478,PT2M45S,none
I-xWBprLHKI,UCOmHUn--16B90oW2L6FRR3A,BLACKPINK,BLACKPINK - ‘뛰어(JUMP)’ HIGHLIGHT CLIP #BLACKPINK #블랙핑크 #뛰어 #JUMP #MV #HIGHLIGHTCLIP #YG #shorts,2025-07-12T03:00:32Z,29171505,863251,11424,PT27S,none
1noaDd1kRIM,UCOmHUn--16B90oW2L6FRR3A,BLACKPINK,BLACKPINK - ‘뛰어(JUMP)’ OUT NOW #BLACKPINK #블랙핑크 #뛰어 #JUMP #MV #OUTNOW #YG,2025-07-11T04:09:24Z,5448648,402641,9416,PT41S,none
CgCVZdcKcqY,UCOmHUn--16B90oW2L6FRR3A,BLACKPINK,BLACKPINK - ‘뛰어(JUMP)’ M/V,2025-07-11T04:00:07Z,405517291,6742202,479396,PT3M14S,none
VSlfs3s5mtk,UCOmHUn--16B90oW2L6FRR3A,BLACKPINK,BLACKPINK - ‘뛰어(JUMP)’ M/V TEASER,2025-07-07T15:00:02Z,9029830,728618,32704,PT31S,none
j6tqePTqU8A,UCOmHUn--16B90oW2L6FRR3A,BLACKPINK,READY TO JUMP?,2025-07-04T15:00:04Z,5773333,516363,22936,PT18S,none
8YiR9v3sOpk,UCOmHUn--16B90oW2L6FRR3A,BLACKPINK,BLACKPINK WORLD TOUR [DEADLINE] TRAILER,2025-06-26T00:00:12Z,6014049,681067,39708,PT28S,none
6SHLjOKFVXA,UCOmHUn--16B90oW2L6FRR3A,BLACKPINK,BLACKPINK WORLD TOUR [DEADLINE],2025-05-23T11:00:01Z,2865302,248131,12006,PT30S,none
IHVbb5KsBew,UCOmHUn--16B90oW2L6FRR3A,BLACKPINK,BLACKPINK 2025 WORLD TOUR - BLACKPINK MEMORIES,2025-05-08T02:00:01Z,1858035,165482,11664,PT1M6S,none
otS1Nb3hE1k,UCOmHUn--16B90oW2L6FRR3A,BLACKPINK,BLACKPINK 2025 WORLD TOUR - Special Moments with BLINKS,2025-04-08T01:01:03Z,1819096,190092,14847,PT1M8S,none
BZR6dcAkIYM,UCOmHUn--16B90oW2L6FRR3A,BLACKPINK,BLACKPINK 2025 WORLD TOUR SPOT VIDEO,2025-02-19T15:01:05Z,2844830,233961,17881,PT38S,none
blIkPgtlQZw,UCOmHUn--16B90oW2L6FRR3A,BLACKPINK,BLACKPINK 2025 WORLD TOUR TEASER,2025-02-05T15:00:01Z,3449366,363098,31874,PT22S,none
g4hprYkwJik,UCOmHUn--16B90oW2L6FRR3A,BLACKPINK,BLACKPINK - 8TH ANNIVERSARY ‘OUR AREA’ RECAP VIDEO,2024-09-06T09:00:41Z,3155679,281142,14672,PT5M43S,none
bofHLLv7bmk,UCOmHUn--16B90oW2L6FRR3A,BLACKPINK,BLACKPINK - 'Kill This Love' M/V HITS 2 BILLION VIEWS #BLACKPINK #블랙핑크 #KILLTHISLOVE #MV #2BILLION,2024-08-30T23:00:28Z,5404325,412333,11685,PT21S,none
0WR4AQfp2xA,UCOmHUn--16B90oW2L6FRR3A,BLACKPINK,BLACKPINK - BLACKPINK 8TH ANNIVERSARY 'OUR AREA' #BLACKPINK #블랙핑크 #BLACKPINK8THANNIVERSARY #shorts,2024-08-07T15:00:02Z,3531097,330414,8390,PT10S,none
azHJG5GAJBo,UCOmHUn--16B90oW2L6FRR3A,BLACKPINK,BLACKPINK - WORLD TOUR [BORN PINK] IN CINEMAS SPOILER,2024-07-29T15:00:03Z,2133930,170754,6733,PT40S,none
_zbdR2HzWPY,UCOmHUn--16B90oW2L6FRR3A,BLACKPINK,BLACKPINK – WORLD TOUR [BORN PINK] IN CINEMAS SCREENX TRAILER,2024-07-23T15:00:36Z,1119490,118152,6355,PT1M1S,none
RjRkne7tkrY,UCOmHUn--16B90oW2L6FRR3A,BLACKPINK,BLACKPINK – WORLD TOUR [BORN PINK] IN CINEMAS MAIN TRAILER,2024-07-09T15:00:12Z,2080688,171046,8904,PT31S,none
BK8ilG7chKY,UCOmHUn--16B90oW2L6FRR3A,BLACKPINK,Tickets now on sale for BLACKPINK WORLD TOUR [BORN PINK] IN CINEMAS!,2024-06-27T15:00:10Z,3967722,315177,10385,PT16S,none
goSpfTTWM1Q,UCOmHUn--16B90oW2L6FRR3A,BLACKPINK,BLACKPINK - 'Ice Cream (with Selena Gomez)' M/V HITS 900 MILLION VIEWS #BLACKPINK #IceCream,2024-04-07T03:20:28Z,6359255,526798,12249,PT14S,none
dyCR6LB9weY,UCOmHUn--16B90oW2L6FRR3A,BLACKPINK,Complex Presents: Takashi Murakami x BLACKPINK Part 2,2024-03-22T01:00:24Z,3576176,302185,4473,PT21S,none
F4d52OxVYFY,UCOmHUn--16B90oW2L6FRR3A,BLACKPINK,BLACKPINK - 'Shut Down' M/V HITS 600 MILLION VIEWS #BLACKPINK #블랙핑크 #ShutDown #MV #600MILLION,2024-03-20T23:00:11Z,3948810,360359,6785,PT20S,none
Fy-Q9GtlNN4,UCOmHUn--16B90oW2L6FRR3A,BLACKPINK,Complex Presents: Takashi Murakami x BLACKPINK Part 2.,2024-03-15T01:05:00Z,3987386,367444,4374,PT11S,none
fbn5QoWk1js,UCOmHUn--16B90oW2L6FRR3A,BLACKPINK,BLACKPINK - 'Pink Venom' M/V HITS 800 MILLION VIEWS #BLACKPINK #블랙핑크 #PinkVenom #MV #800MILLION,2024-01-27T08:07:29Z,5145696,450298,9181,PT17S,none
qfTIbCXH68A,UCOmHUn--16B90oW2L6FRR3A,BLACKPINK,BLACKPINK: A VR Encore – Official Trailer,2023-12-19T22:00:04Z,7753643,247975,11672,PT31S,none
GxUKJ2beNKw,UCOmHUn--16B90oW2L6FRR3A,BLACKPINK,BLACKPINK X Takashi Murakami,2023-12-09T07:30:17Z,3222388,346348,4909,PT23S,none
98FoMM3ftlQ,UCOmHUn--16B90oW2L6FRR3A,BLACKPINK,Season’s Greetings: From HANK & ROSÉ To You [2024] - Exclusive Video Preview,2023-12-06T07:00:03Z,3671478,382317,5032,PT24S,none
oD8QEoA0bdY,UCOmHUn--16B90oW2L6FRR3A,BLACKPINK,BLACKPINK - 'Kill This Love' M/V HITS 1.9 BILLION VIEWS,2023-12-04T01:30:45Z,6118160,499229,7296,PT21S,none
2V_GLwm0oK0,UCOmHUn--16B90oW2L6FRR3A,BLACKPINK,Season’s Greetings: From HANK & ROSÉ To You [2024] Preview,2023-11-24T07:00:01Z,4292543,327777,10572,PT58S,none
gExhbUo61n0,UCOmHUn--16B90oW2L6FRR3A,BLACKPINK,BLACKPINK: A VR Encore – Official Teaser,2023-11-15T22:00:10Z,2573451,209336,6069,PT17S,none
6lw4Cbk1IzA,UCOmHUn--16B90oW2L6FRR3A,BLACKPINK,BLACKPINK - ‘B.P.M.’ Last Roll,2023-10-20T09:00:04Z,5110090,327508,18847,PT14M34S,none
Yl_rmlS4u9s,UCOmHUn--16B90oW2L6FRR3A,BLACKPINK,BLACKPINK - ‘B.P.M.’ Roll #33,2023-10-13T09:00:21Z,2555744,163527,4726,PT13M6S,none
q9lQG1shW6o,UCOmHUn--16B90oW2L6FRR3A,BLACKPINK,JENNIE - 'You & Me' Behind The Scenes,2023-10-13T04:00:36Z,3635703,240627,5735,PT2M44S,none
OCxrWKk-Jbw,UCOmHUn--16B90oW2L6FRR3A,BLACKPINK,JENNIE - ‘You & Me (Jazz ver.)’ LIVE CLIP HIGHLIGHT CLIP,2023-10-11T04:30:46Z,12973481,1028421,13693,PT15S,none
ZgLlabyz7oY,UCOmHUn--16B90oW2L6FRR3A,BLACKPINK,JENNIE - ‘You & Me (Jazz ver.)’ LIVE CLIP,2023-10-11T04:00:28Z,11939226,775306,28635,PT2M31S,none
fLfPgF92c-g,UCOmHUn--16B90oW2L6FRR3A,BLACKPINK,JENNIE - ‘You & Me’ [BORN PINK] WORLD TOUR STAGE MIX VIDEO HIGHLIGHT CLIP,2023-10-08T04:01:04Z,22526067,1570152,11463,PT24S,none
ZSc-zcWl2g8,UCOmHUn--16B90oW2L6FRR3A,BLACKPINK,JENNIE - ‘You & Me’ [BORN PINK] WORLD TOUR STAGE MIX VIDEO,2023-10-08T04:00:14Z,12670965,511445,12567,PT3M6S,none
jFJzCODStOQ,UCOmHUn--16B90oW2L6FRR3A,BLACKPINK,JENNIE - ‘You & Me’ DANCE PERFORMANCE VIDEO HIGHLIGHT CLIP,2023-10-07T04:00:18Z,19897393,1561316,11848,PT22S,none
TIbItS4-4bQ,UCOmHUn--16B90oW2L6FRR3A,BLACKPINK,BLACKPINK - ‘B.P.M.’ Roll #32,2023-10-06T09:00:31Z,2300305,153476,3371,PT10M17S,none
CpbJO2Z6DA4,UCOmHUn--16B90oW2L6FRR3A,BLACKPINK,JENNIE - You & Me (Official Audio),2023-10-06T07:00:20Z,10740578,368234,12405,PT3M,none
3yILnlnIqyU,UCOmHUn--16B90oW2L6FRR3A,BLACKPINK,JENNIE - You & Me (Coachella ver.) (Official Audio),2023-10-06T07:00:06Z,37367910,577368,13865,PT3M,none
eQNHDV7lKgE,UCOmHUn--16B90oW2L6FRR3A,BLACKPINK,JENNIE - ‘You & Me’ DANCE PERFORMANCE VIDEO,2023-10-06T04:00:20Z,257208922,3857370,307222,PT3M32S,none
va6ituuGqQc,UCOmHUn--16B90oW2L6FRR3A,BLACKPINK,JISOO - '꽃(FLOWER)' M/V HITS 400 MILLION VIEWS,2023-10-03T07:08:41Z,5218366,540849,6860,PT20S,none
lEQVW6uRUz8,UCOmHUn--16B90oW2L6FRR3A,BLACKPINK,BLACKPINK - ‘B.P.M.’ Roll #31,2023-09-29T09:00:28Z,4012297,247465,8326,PT7M39S,none
G6yvzF1Wdt0,UCOmHUn--16B90oW2L6FRR3A,BLACKPINK,BLACKPINK - 'How You Like That' DANCE PERFORMANCE VIDEO HITS 1.5 BILLION VIEWS,2023-09-26T13:25:58Z,7567896,674029,7163,PT21S,none
_nqUz_Y7zrs,UCOmHUn--16B90oW2L6FRR3A,BLACKPINK,BLACKPINK WORLD TOUR [BORN PINK] SEOUL FINALE HIGHLIGHT CLIP,2023-09-22T12:00:36Z,7290921,535585,6159,PT52S,none
-bamhqJtLp4,UCOmHUn--16B90oW2L6FRR3A,BLACKPINK,BLACKPINK - ‘B.P.M.’ Roll #30,2023-09-22T09:00:00Z,2307193,186393,5680,PT12M2S,none
Tn3l0OIU3m4,UCOmHUn--16B90oW2L6FRR3A,BLACKPINK,LISA - 'MONEY' EXCLUSIVE PERFORMANCE VIDEO HITS 900 MILLION VIEWS,2023-09-18T23:00:14Z,6849494,651544,7639,PT21S,none
XO4uvysZMro,UCOmHUn--16B90oW2L6FRR3A,BLACKPINK,BLACKPINK WORLD TOUR [BORN PINK] FINALE IN SEOUL D-1 VIDEO,2023-09-15T05:00:10Z,15565811,651590,18186,PT6S,none
V9UUPuMa5ck,UCLkAepWjdylmXSltofFvsYQ,BANGTANTV (BTS),"러너 슈가, 샌프란시스코에서 뜨거운 맛을 보다 l SUGA’s VLOG",2026-07-05T11:00:01Z,253852,73759,6747,PT8M50S,none
HD9TQigBMxk,UCLkAepWjdylmXSltofFvsYQ,BANGTANTV (BTS),BTS WORLD TOUR ‘ARIRANG’ IN TOKYO Sketch,2026-06-23T11:00:00Z,1576426,205633,7770,PT15M47S,none
lXOyNftE2EM,UCLkAepWjdylmXSltofFvsYQ,BANGTANTV (BTS),BTS 'American Music Awards 2026' Sketch,2026-06-22T10:00:03Z,1887701,249877,9170,PT8M27S,none
K8uJRwMsT3s,UCLkAepWjdylmXSltofFvsYQ,BANGTANTV (BTS),BTS ‘Merry Go Round’ MV Behind the Scenes,2026-06-21T10:58:58Z,1255514,243598,10283,PT9M21S,none
WGUOBBnljiM,UCLkAepWjdylmXSltofFvsYQ,BANGTANTV (BTS),Homecoming in Busan | THE CITY ARIRANG BUSAN,2026-06-21T06:00:03Z,791329,104754,4159,PT2M14S,none
8AYxDDrG5uQ,UCLkAepWjdylmXSltofFvsYQ,BANGTANTV (BTS),"BTS 'Hooligan', '2.0' Dance Practice Sketch",2026-06-18T10:00:03Z,3759353,426226,13493,PT17M42S,none
3ZOFQ33sLBE,UCLkAepWjdylmXSltofFvsYQ,BANGTANTV (BTS),"#KEEPSWIMMING with BTS. To everyone who keeps swimming no matter what, we send our love and support.",2026-06-13T13:00:02Z,905515,200827,11644,PT2M38S,none
MEoxtFRfPoc,UCLkAepWjdylmXSltofFvsYQ,BANGTANTV (BTS),BTS (방탄소년단) 'Come Over' Lyric Video,2026-06-12T04:00:02Z,9899521,1018011,68227,PT3M,none
JW1fB02DoZw,UCLkAepWjdylmXSltofFvsYQ,BANGTANTV (BTS),해본 적 없지만 오랜만임 #BTS #방탄소년단 #RunBTS #달려라방탄 #달방,2026-06-10T15:00:55Z,709330,84620,2027,PT13S,none
Z62bLaZig6M,UCLkAepWjdylmXSltofFvsYQ,BANGTANTV (BTS),명MC와 일하니까 어때 #방탄소년단 #RunBTS #달려라방탄 #달방,2026-06-10T15:00:51Z,590375,72922,1189,PT22S,none
WSxkWYLVo6g,UCLkAepWjdylmXSltofFvsYQ,BANGTANTV (BTS),다음 앨범 강력 스포(?) #BTS #방탄소년단 #RunBTS #달려라방탄 #달방,2026-06-10T15:00:45Z,575691,84233,1286,PT25S,none
rwMnVPZUdZg,UCLkAepWjdylmXSltofFvsYQ,BANGTANTV (BTS),진짜 제 아이디어 아니에요 #BTS #방탄소년단 #RunBTS #달려라방탄 #달방,2026-06-10T15:00:39Z,498393,71345,1102,PT29S,none
i9T0TiqiARY,UCLkAepWjdylmXSltofFvsYQ,BANGTANTV (BTS),방탄회식 2.0 #2026BTSFESTA,2026-06-10T15:00:03Z,4627046,486726,22893,PT22M44S,none
AtpHm0pDxg8,UCLkAepWjdylmXSltofFvsYQ,BANGTANTV (BTS),방탄회식 2.0 예고 #2026BTSFESTA,2026-06-10T09:00:00Z,1390940,256188,9334,PT50S,none
rL4G9V7mbtg,UCLkAepWjdylmXSltofFvsYQ,BANGTANTV (BTS),Jung Kook's NORMAL LOG #2026BTSFESTA,2026-06-07T14:00:01Z,2933370,420789,17868,PT6M14S,none
sY19m7EZTw4,UCLkAepWjdylmXSltofFvsYQ,BANGTANTV (BTS),V's NORMAL LOG #2026BTSFESTA,2026-06-07T12:00:00Z,2055971,334947,15519,PT6M14S,none
zumHEUr0ZMM,UCLkAepWjdylmXSltofFvsYQ,BANGTANTV (BTS),Jimin's NORMAL LOG #2026BTSFESTA,2026-06-07T09:00:02Z,2085600,342728,17369,PT6M14S,none
dqafmXySDlg,UCLkAepWjdylmXSltofFvsYQ,BANGTANTV (BTS),Jin's NORMAL LOG #2026BTSFESTA,2026-06-07T06:00:00Z,1758196,305742,13278,PT6M14S,none
0Mjnk0NejP8,UCLkAepWjdylmXSltofFvsYQ,BANGTANTV (BTS),SUGA's NORMAL LOG #2026BTSFESTA,2026-06-07T05:00:00Z,1690056,374102,20639,PT6M14S,none
LnU8U6qx6h0,UCLkAepWjdylmXSltofFvsYQ,BANGTANTV (BTS),j-hope's NORMAL LOG #2026BTSFESTA,2026-06-07T03:59:59Z,1683889,329114,14132,PT6M14S,none
si9-zPNKK0I,UCLkAepWjdylmXSltofFvsYQ,BANGTANTV (BTS),RM's NORMAL LOG #2026BTSFESTA,2026-06-07T02:00:00Z,1545818,353747,19158,PT6M14S,none
JAgpBCePHuU,UCLkAepWjdylmXSltofFvsYQ,BANGTANTV (BTS),BTS Family Photo Short Clip #2026BTSFESTA #BTS13thAnniversary #Shorts,2026-06-03T15:09:58Z,1389036,242761,10083,PT56S,none
-e1FNxxoXY8,UCLkAepWjdylmXSltofFvsYQ,BANGTANTV (BTS),안전 운전 RM 🛺 #BTS #방탄소년단,2026-06-02T11:00:07Z,802343,127086,3457,PT1M,none
gXUpnNvUzYg,UCLkAepWjdylmXSltofFvsYQ,BANGTANTV (BTS),Las Vegas Welcomes BTS | THE CITY ARIRANG LAS VEGAS,2026-05-31T06:00:39Z,574324,114363,4320,PT1M27S,none
ifimMx-kcqE,UCLkAepWjdylmXSltofFvsYQ,BANGTANTV (BTS),ONE LUCKY DAY l V’s VLOG,2026-05-30T11:00:00Z,3034704,395862,19943,PT27M8S,none
xcym63-g7mA,UCLkAepWjdylmXSltofFvsYQ,BANGTANTV (BTS),지민 헤어 스타일링 담당 제이홉 ✨  #BTS #방탄소년단,2026-05-29T11:00:22Z,1908149,157975,3023,PT14S,none
V276Pu7NVMM,UCLkAepWjdylmXSltofFvsYQ,BANGTANTV (BTS),BTS WORLD TOUR 'ARIRANG' IN BUSAN: LIVE VIEWING - Main Trailer,2026-05-28T13:00:18Z,1459966,93483,3504,PT41S,none
WYNjY54wxnQ,UCLkAepWjdylmXSltofFvsYQ,BANGTANTV (BTS),BTS Visits Mexico's National Palace,2026-05-27T11:00:03Z,2143044,326805,12732,PT5M39S,none
2AIJVad2E4c,UCLkAepWjdylmXSltofFvsYQ,BANGTANTV (BTS),Best Driver V 🛺 #BTS #방탄소년단,2026-05-27T09:30:39Z,1039613,144348,3965,PT58S,none
FV0M0YzjrVY,UCLkAepWjdylmXSltofFvsYQ,BANGTANTV (BTS),"#KEEPSWIMMING with BTS: 김세진 (Kim Sejin) Stories of those who don’t stop. now, what’s yours?",2026-05-25T03:00:00Z,562722,77409,1418,PT3M,none
RoN9RS7iikA,UCLkAepWjdylmXSltofFvsYQ,BANGTANTV (BTS),방탄이와 강아지 🐶 #BTS #방탄소년단,2026-05-23T10:00:00Z,1355656,165142,3534,PT59S,none
ZOj-K8-_PIc,UCLkAepWjdylmXSltofFvsYQ,BANGTANTV (BTS),BTS WORLD TOUR ‘ARIRANG’ IN GOYANG Sketch,2026-05-22T10:59:59Z,2652338,244367,7161,PT21M56S,none
SstVvV19I3U,UCLkAepWjdylmXSltofFvsYQ,BANGTANTV (BTS),"#KEEPSWIMMING with BTS: 조성진 (Seong-Jin Cho) Stories of those who don’t stop. now, what’s yours?",2026-05-20T02:59:56Z,559159,77300,1354,PT2M51S,none
HzZ3jsP4fcE,UCLkAepWjdylmXSltofFvsYQ,BANGTANTV (BTS),BTS ‘Rolling Stone’ Short Film,2026-05-18T09:59:55Z,1060559,171278,5771,PT54S,none
9jI2CZ0bMuM,UCLkAepWjdylmXSltofFvsYQ,BANGTANTV (BTS),BTS 'ARIRANG' North America Promotions Sketch,2026-05-14T11:00:01Z,2654249,270240,9359,PT19M53S,none
cRU6AQX0cg0,UCLkAepWjdylmXSltofFvsYQ,BANGTANTV (BTS),"#KEEPSWIMMING with BTS: 정구호 (Jung Kuho) Stories of those who don’t stop. now, what’s yours?",2026-05-11T02:59:45Z,527566,71226,1069,PT3M,none
2K7R68DmAfE,UCLkAepWjdylmXSltofFvsYQ,BANGTANTV (BTS),BTS THE COMEBACK LIVE l ARIRANG Sketch,2026-05-09T10:00:08Z,2490318,280305,8324,PT16M16S,none
5hjpnnluyi8,UCLkAepWjdylmXSltofFvsYQ,BANGTANTV (BTS),★BTS 대박 기원★ #BTS #방탄소년단 #RunBTS #달려라방탄 #달방,2026-05-05T13:00:31Z,666765,93725,1620,PT56S,none
lsEBxl-2f74,UCLkAepWjdylmXSltofFvsYQ,BANGTANTV (BTS),족구하라의 추락 #BTS #방탄소년단 #RunBTS #달려라방탄 #달방,2026-05-05T13:00:24Z,649384,79639,1193,PT49S,none
2XT4Xv3KivQ,UCLkAepWjdylmXSltofFvsYQ,BANGTANTV (BTS),"이번 달방의 히어로, 슈가 #BTS #방탄소년단 #RunBTS #달려라방탄 #달방",2026-05-05T13:00:19Z,508071,72053,1124,PT37S,none
Q3YtX4Qu7XM,UCLkAepWjdylmXSltofFvsYQ,BANGTANTV (BTS),손 들고 서 있기 10초!!! #BTS #방탄소년단 #RunBTS #달려라방탄 #달방,2026-05-05T13:00:15Z,451247,64173,774,PT58S,none
PHZg8msdhAo,UCLkAepWjdylmXSltofFvsYQ,BANGTANTV (BTS),팀 김석진의 질주 #BTS #방탄소년단 #RunBTS #달려라방탄 #달방,2026-05-05T13:00:08Z,370574,58168,668,PT58S,none
dLJJ_h8n-5Q,UCLkAepWjdylmXSltofFvsYQ,BANGTANTV (BTS),팀 에이스 vs 팀 김석진 시작해 볼까? #BTS #방탄소년단 #RunBTS #달려라방탄 #달방,2026-05-05T13:00:03Z,328134,55193,581,PT48S,none
jvvuHBGKuR0,UCLkAepWjdylmXSltofFvsYQ,BANGTANTV (BTS),자비 없는 세기의 족구 대결 l BTS’s TRIP EP.3,2026-05-05T12:00:00Z,7484092,559771,23317,PT32M,none
p3obzU9nluM,UCLkAepWjdylmXSltofFvsYQ,BANGTANTV (BTS),하루의 끝 #BTS #방탄소년단 #RunBTS #달려라방탄 #달방,2026-04-30T13:00:45Z,697095,97759,1424,PT56S,none
N9z3daZBxZM,UCLkAepWjdylmXSltofFvsYQ,BANGTANTV (BTS),K-청양고추의 맛 #BTS #방탄소년단 #RunBTS #달려라방탄 #달방,2026-04-30T13:00:40Z,541284,69670,756,PT52S,none
CK4Z9A2fUYE,UCLkAepWjdylmXSltofFvsYQ,BANGTANTV (BTS),어떻게 사람이 이렇게 맑눈광? #BTS #방탄소년단 #RunBTS #달려라방탄 #달방,2026-04-30T13:00:36Z,762219,75520,1096,PT48S,none
ic7JqZw1l8A,UCLkAepWjdylmXSltofFvsYQ,BANGTANTV (BTS),호비 플리마켓 어떰 #BTS #방탄소년단 #RunBTS #달려라방탄 #달방,2026-04-30T13:00:28Z,444315,62159,654,PT45S,none
Rxpir1PHnh4,UCLkAepWjdylmXSltofFvsYQ,BANGTANTV (BTS),키조개와 관자 논란 #BTS #방탄소년단 #RunBTS #달려라방탄 #달방,2026-04-30T12:59:59Z,414220,58481,707,PT56S,none
9D-8kb6RIK4,UCLkAepWjdylmXSltofFvsYQ,BANGTANTV (BTS),무릎 꿇고 손 들고 한 시간 동안 안 서 있어 봤잖아요? l BTS’s TRIP EP.2,2026-04-30T12:00:01Z,8551230,627392,21453,PT25M33S,none
5RSVmeuQhe4,UCLkAepWjdylmXSltofFvsYQ,BANGTANTV (BTS),뷔X정국 핸드사인 연습 🤝 #BTS #방탄소년단,2026-04-29T10:00:10Z,1554236,206186,5310,PT37S,none
c1jf5Aw9cXc,UCLkAepWjdylmXSltofFvsYQ,BANGTANTV (BTS),"#KEEPSWIMMING with BTS: 메기강 (Maggie Kang) Stories of those who don’t stop.now, what’s yours?",2026-04-29T02:59:57Z,423607,61285,861,PT2M46S,none
fIce5diB5-c,UCLkAepWjdylmXSltofFvsYQ,BANGTANTV (BTS),"#KEEPSWIMMING with BTS: 오키로만 (5kmman) Stories of those who don’t stop. now, what’s yours?",2026-04-24T12:59:58Z,650739,79787,1328,PT2M57S,none
m881RLulnvk,UCLkAepWjdylmXSltofFvsYQ,BANGTANTV (BTS),뭔가 잘못됐어 단단히 #BTS #방탄소년단 #RunBTS #달려라방탄 #달방,2026-04-23T13:00:17Z,904051,103038,1351,PT19S,none
z_4Te60IBFs,UCLkAepWjdylmXSltofFvsYQ,BANGTANTV (BTS),두근두근 방 배정 #BTS #방탄소년단 #RunBTS #달려라방탄 #달방,2026-04-23T13:00:12Z,739328,96776,1122,PT35S,none
FDk-IwuBgSY,UCLkAepWjdylmXSltofFvsYQ,BANGTANTV (BTS),POV : 연기소년단 #BTS #방탄소년단 #RunBTS #달려라방탄 #달방,2026-04-23T13:00:09Z,748715,96704,1092,PT22S,none
iNikp3se0jc,UCLkAepWjdylmXSltofFvsYQ,BANGTANTV (BTS),"어서와, 합숙은 오랜만이지? #BTS #방탄소년단 #RunBTS #달려라방탄 #달방",2026-04-23T13:00:04Z,812109,87778,1146,PT47S,none
vo9xM-MThgg,UCLkAepWjdylmXSltofFvsYQ,BANGTANTV (BTS),뛰는 지진정 위에 나는 뷔 #BTS #방탄소년단 #RunBTS #달려라방탄 #달방,2026-04-23T13:00:00Z,661281,88885,1546,PT57S,none
wu6bA3zK_us,UCLkAepWjdylmXSltofFvsYQ,BANGTANTV (BTS),방탄이가방에들어가신다 l BTS’s TRIP EP.1,2026-04-23T12:00:01Z,12817022,1057419,42386,PT25M9S,none
WOmHZv4USUs,UCLkAepWjdylmXSltofFvsYQ,BANGTANTV (BTS),BTS ’SWIM’ Dance Practice Sketch,2026-04-21T11:00:01Z,3481186,362269,10198,PT11M42S,none
ZKIvimB8D9c,UCLkAepWjdylmXSltofFvsYQ,BANGTANTV (BTS),BTS’s TRIP 예고 #BTS #방탄소년단 #RunBTS #달려라방탄 #달방,2026-04-20T12:00:27Z,874385,139008,3251,PT50S,none
QKAS24XQ9-A,UCLkAepWjdylmXSltofFvsYQ,BANGTANTV (BTS),BTS’s TRIP 예고,2026-04-20T12:00:03Z,3728565,527699,19797,PT50S,none
jEeaWKVu-1o,UCLkAepWjdylmXSltofFvsYQ,BANGTANTV (BTS),BTS WORLD TOUR 'ARIRANG' IN JAPAN - ARMY'S MOVIE @ TOKYO,2026-04-20T08:59:00Z,796845,137990,3737,PT1M39S,none
Sab09tKgExs,UCLkAepWjdylmXSltofFvsYQ,BANGTANTV (BTS),"#KEEPSWIMMING with BTS: 선재스님 (Venerable Sunjae) Stories of those who don’t stop. now, what’s yours?",2026-04-17T13:00:05Z,555485,74977,1219,PT2M52S,none
poGYL1IQksY,UCLkAepWjdylmXSltofFvsYQ,BANGTANTV (BTS),BTS ‘Hooligan’ MV Behind the Scenes Short Film,2026-04-16T11:01:10Z,2637369,206599,2735,PT25S,none
J3_Ukecp_Ro,UCLkAepWjdylmXSltofFvsYQ,BANGTANTV (BTS),BTS ‘Hooligan’ MV Behind the Scenes,2026-04-16T10:59:01Z,2040268,279033,7795,PT4M28S,none
B3ncYeESzfY,UCLkAepWjdylmXSltofFvsYQ,BANGTANTV (BTS),BTS ‘2.0’ MV Behind the Scenes Short Film,2026-04-15T10:29:59Z,1765454,186775,2547,PT29S,none
YFBhUEatKoc,UCLkAepWjdylmXSltofFvsYQ,BANGTANTV (BTS),BTS 'SWIM' in Seoul | THE CITY ARIRANG SEOUL,2026-04-14T13:29:59Z,750667,125617,4078,PT1M48S,none
qWDNVP1pb48,UCLkAepWjdylmXSltofFvsYQ,BANGTANTV (BTS),BTS 'Hooligan' Dance Practice,2026-04-14T11:59:59Z,4691940,496781,12747,PT3M9S,none
NpnJ3JAIAVY,UCLkAepWjdylmXSltofFvsYQ,BANGTANTV (BTS),BTS ‘SWIM’ MV Behind the Scenes Short Film,2026-04-14T10:30:01Z,1527019,168470,3057,PT31S,none
_vKcPkmzwI0,UCLkAepWjdylmXSltofFvsYQ,BANGTANTV (BTS),BTS 'ARIRANG' Album Photoshoot : Behind the Scenes Short Film,2026-04-13T09:59:59Z,1395693,181894,4025,PT32S,none
y5QbMgbsEWI,UCLkAepWjdylmXSltofFvsYQ,BANGTANTV (BTS),BTS (방탄소년단) 'SWIM (Underwater Remix)' Visualizer (Pixel ver.),2026-04-13T04:00:00Z,1354510,183632,9291,PT2M45S,none
-8pa5jzddWM,UCLkAepWjdylmXSltofFvsYQ,BANGTANTV (BTS),"#KEEPSWIMMING with BTS: 최가온 (Choi Gaon) Stories of those who don’t stop. now, what’s yours?",2026-04-10T13:00:00Z,809078,92493,1438,PT2M34S,none
Hlp3Vn4TCnk,UCLkAepWjdylmXSltofFvsYQ,BANGTANTV (BTS),BTS (방탄소년단) 'SWIM' Visualizer (Pixel ver.),2026-04-09T03:59:59Z,1934303,239109,11856,PT2M39S,none
OfTFE4bhdI0,UCLkAepWjdylmXSltofFvsYQ,BANGTANTV (BTS),"Watch this, watch this beat goin’ #Hooligan #BTS #방탄소년단 #BTS_ARIRANG",2026-04-07T15:30:15Z,8462066,563621,7605,PT20S,none
qoQPM5t25Jo,UCLkAepWjdylmXSltofFvsYQ,BANGTANTV (BTS),족구 Coming Soon? #BTS #방탄소년단 #RunBTS #달려라방탄 #달방,2026-04-07T13:00:14Z,1094513,112834,1469,PT50S,none
jXFiK2hpix8,UCLkAepWjdylmXSltofFvsYQ,BANGTANTV (BTS),우리의 영원한 숙제 #BTS #방탄소년단 #RunBTS #달려라방탄 #달방,2026-04-07T13:00:10Z,842600,97157,1088,PT25S,none
AnrltKRsSuM,UCLkAepWjdylmXSltofFvsYQ,BANGTANTV (BTS),(기) 방식당 오픈 (대) #BTS #방탄소년단 #RunBTS #달려라방탄 #달방,2026-04-07T13:00:05Z,843789,103602,1094,PT26S,none
wU7AgCvZiy0,UCLkAepWjdylmXSltofFvsYQ,BANGTANTV (BTS),"RM, 집 공개 예정? #BTS #방탄소년단 #RunBTS #달려라방탄 #달방",2026-04-07T13:00:00Z,718373,96858,1203,PT20S,none
KA6OilIOjcI,UCLkAepWjdylmXSltofFvsYQ,BANGTANTV (BTS),여러분!! 왔어요!! 달방 2.0 왔어요!!,2026-04-07T12:00:04Z,4540273,581103,27531,PT12M10S,none
WQNbOSFQ3eM,UCLkAepWjdylmXSltofFvsYQ,BANGTANTV (BTS),"#KEEPSWIMMING with BTS: 노라노 (Nora Noh) Stories of those who don’t stop. now, what’s yours?",2026-04-06T13:00:15Z,650681,106398,1959,PT2M28S,none
A1nu9jg6ciY,UCLkAepWjdylmXSltofFvsYQ,BANGTANTV (BTS),BTS '2.0' Dance Practice,2026-04-06T11:00:00Z,11441744,898917,22792,PT2M58S,none
4EUyOMwPcQ0,UCLkAepWjdylmXSltofFvsYQ,BANGTANTV (BTS),BTS '2.0' MV Behind the Scenes,2026-04-05T08:00:00Z,5588336,570633,14424,PT7M32S,none
6MMAJ2gtXMc,UCLkAepWjdylmXSltofFvsYQ,BANGTANTV (BTS),"#KEEPSWIMMING with BTS: 박찬욱 (Park Chan-wook) Stories of those who don’t stop. now, what’s yours?",2026-04-03T13:10:00Z,812941,128661,2536,PT2M55S,none
SBYNSSUMBOc,UCLkAepWjdylmXSltofFvsYQ,BANGTANTV (BTS),Stories of those who don’t stop. #KEEPSWIMMING Coming soon,2026-04-02T06:00:18Z,809173,115386,2355,PT31S,none
_HTbTJRQrHQ,UCLkAepWjdylmXSltofFvsYQ,BANGTANTV (BTS),Right here with 🧔 and 🏊‍♂️  #BTS #방탄소년단 #BTS_ARIRANG #BTS_SWIM #KEEPSWIMMING,2026-04-01T15:40:00Z,9118612,617814,10950,PT25S,none
YFP0CbyjfZA,UCLkAepWjdylmXSltofFvsYQ,BANGTANTV (BTS),"Had your little fun, fella? #BTS #방탄소년단 #BTS_ARIRANG #2point0",2026-04-01T15:30:23Z,20309771,899259,12219,PT18S,none
om6HdemgTKQ,UCLkAepWjdylmXSltofFvsYQ,BANGTANTV (BTS),BTS (방탄소년단) 'SWIM' Live Clip II. (Swimming Pool ver.),2026-03-31T11:00:02Z,19719870,1327542,53755,PT3M7S,none
Lrvx3OkV9K0,UCLkAepWjdylmXSltofFvsYQ,BANGTANTV (BTS),달려라 방탄 2.0 예고 #BTS #방탄소년단 #RunBTS #달려라방탄 #달방,2026-03-30T12:00:24Z,1102550,191128,4253,PT40S,none
tFk_Bmz0ohk,UCLkAepWjdylmXSltofFvsYQ,BANGTANTV (BTS),달려라 방탄 2.0 예고,2026-03-30T12:00:00Z,2702287,477404,18549,PT40S,none
0Wd0na159-M,UCLkAepWjdylmXSltofFvsYQ,BANGTANTV (BTS),BTS (방탄소년단) ‘SWIM with Jung Kook (Acoustic Lofi Remix)’ Visualizer,2026-03-30T04:00:24Z,1503195,161685,5928,PT2M38S,none
41nkpICiPn4,UCLkAepWjdylmXSltofFvsYQ,BANGTANTV (BTS),BTS (방탄소년단) ‘SWIM with V (Electronic Remix)’ Visualizer,2026-03-30T04:00:20Z,1049031,128819,5324,PT2M20S,none
DfnDEzl2APE,UCLkAepWjdylmXSltofFvsYQ,BANGTANTV (BTS),BTS (방탄소년단) ‘SWIM with Jimin (Slow Jam R&B Remix)’ Visualizer,2026-03-30T04:00:16Z,991968,113741,5997,PT2M27S,none
OzMc0PAA5HQ,UCLkAepWjdylmXSltofFvsYQ,BANGTANTV (BTS),BTS (방탄소년단) ‘SWIM with j-hope (Afrobeat Remix)’ Visualizer,2026-03-30T04:00:12Z,1012493,108344,4722,PT2M34S,none
LQn62T4FNOU,UCLkAepWjdylmXSltofFvsYQ,BANGTANTV (BTS),BTS (방탄소년단) ‘SWIM with SUGA (Melodic Techno Remix)’ Visualizer,2026-03-30T04:00:08Z,1123939,150470,6498,PT3M38S,none
o7V0iD8cAaI,UCLkAepWjdylmXSltofFvsYQ,BANGTANTV (BTS),BTS (방탄소년단) 'SWIM with Jin (Alternative Rock Remix)’ Visualizer,2026-03-30T04:00:04Z,1444379,158658,8141,PT3M11S,none
YIy-WsouXec,UCLkAepWjdylmXSltofFvsYQ,BANGTANTV (BTS),BTS (방탄소년단) ‘SWIM with RM (Chill Hip Hop Remix)’ Visualizer,2026-03-30T03:59:59Z,779172,115005,4295,PT2M41S,none
Ztbv7ChTQRM,UCLkAepWjdylmXSltofFvsYQ,BANGTANTV (BTS),BTS (방탄소년단) 'SWIM' Live Clip I. (Sunhyewon ver.),2026-03-28T15:00:01Z,6057977,658647,23490,PT2M49S,none
uYcNZLJ3KmU,UCLkAepWjdylmXSltofFvsYQ,BANGTANTV (BTS),BTS 'SWIM' Dance Practice,2026-03-26T15:00:01Z,9346479,887282,24721,PT2M47S,none
EgANbvb2zrU,UCLkAepWjdylmXSltofFvsYQ,BANGTANTV (BTS),BTS 'ARIRANG' EVERYWHERE | THE CITY ARIRANG SEOUL,2026-03-25T13:30:00Z,952388,172493,6395,PT1M56S,none
hDU4GB1PTxc,UCqECaJ8Gagnn7YCbPEzWH6g,Taylor Swift,"Taylor Swift - I Knew It, I Knew You (from Toy Story 5)",2026-06-07T19:00:36Z,12290562,262228,8350,PT3M4S,none
o9LcBozLplo,UCqECaJ8Gagnn7YCbPEzWH6g,Taylor Swift,"“I Knew It, I Knew You” from Toy Story 5 is out everywhere now. 🤠🐴",2026-06-05T04:13:42Z,477782,30674,1404,PT27S,none
WqbJT_vC0rs,UCqECaJ8Gagnn7YCbPEzWH6g,Taylor Swift,Taylor Swift - Elizabeth Taylor (Official Music Video),2026-04-02T12:00:54Z,7017502,193845,9404,PT3M49S,none
ZeiAo9SeDE8,UCqECaJ8Gagnn7YCbPEzWH6g,Taylor Swift,Taylor Swift - Opalite (Chris Lake Remix) (Visualizer),2026-02-23T19:30:22Z,542851,14341,981,PT3M53S,none
vZJXqv48lIc,UCqECaJ8Gagnn7YCbPEzWH6g,Taylor Swift,Taylor Swift - Opalite (BUNT. Remix) (Visualizer),2026-02-23T19:30:18Z,762833,31786,1847,PT3M35S,none
K3jkKvnemws,UCqECaJ8Gagnn7YCbPEzWH6g,Taylor Swift,Taylor Swift - Opalite (Skream Remix) (Visualizer),2026-02-23T19:30:13Z,159626,7988,625,PT3M59S,none
wNYl89BsIyg,UCqECaJ8Gagnn7YCbPEzWH6g,Taylor Swift,Taylor Swift - Opalite (Ely Oaks Remix) (Visualizer),2026-02-23T19:30:06Z,213515,8637,665,PT3M30S,none
x_uxpBJQqCA,UCqECaJ8Gagnn7YCbPEzWH6g,Taylor Swift,Opalite Official Music Video Extended Versions Part 1 & 2 out now at TaylorSwift.com ✨,2026-02-13T05:18:20Z,612018,42120,805,PT27S,none
1FVF-9KQiPo,UCqECaJ8Gagnn7YCbPEzWH6g,Taylor Swift,Taylor Swift - Opalite (Official Music Video),2026-02-08T13:00:02Z,26558070,665421,29660,PT6M,none
2Shv-eeNmY4,UCqECaJ8Gagnn7YCbPEzWH6g,Taylor Swift,The Opalite video is out now. Visit TaylorSwift.com for more,2026-02-06T13:16:08Z,4388896,128273,2980,PT24S,none
-c9Cg0l__fo,UCqECaJ8Gagnn7YCbPEzWH6g,Taylor Swift,There truly was magic in the *eras*✨ watch starting TOMORROW on @d@disneyplust 12am PT / 3am ET,2025-12-11T15:35:30Z,1407383,65997,2931,PT31S,none
fHjxp-rpUGw,UCqECaJ8Gagnn7YCbPEzWH6g,Taylor Swift,Just 11 days until the final show of The Eras Tour is all yours ✨🎂,2025-12-02T01:41:18Z,448535,26118,2411,PT1M38S,none
yX2kZ8OIsfU,UCqECaJ8Gagnn7YCbPEzWH6g,Taylor Swift,Taylor Swift - The Fate of Ophelia (The Chainsmokers Remix) (Visualizer),2025-11-28T05:01:16Z,1984145,42581,2126,PT3M,none
dSSqCoCiQVs,UCqECaJ8Gagnn7YCbPEzWH6g,Taylor Swift,"The End of an Era"", a 6-episode docuseries, streams on @Disneyplus beginning Dec 12 🫶",2025-11-13T13:35:48Z,480955,42729,1984,PT2M32S,none
PdMdbiY6-lE,UCqECaJ8Gagnn7YCbPEzWH6g,Taylor Swift,Taylor Swift - The Fate of Ophelia (Alone In My Tower Acoustic Version) (Visualizer),2025-10-31T04:00:38Z,2469308,87263,3470,PT3M50S,none
YF6jaBeBMIk,UCqECaJ8Gagnn7YCbPEzWH6g,Taylor Swift,December 12th on @DisneyPlus,2025-10-13T12:23:45Z,1040765,97567,4794,PT1M40S,none
ZzYBzwfjjDE,UCqECaJ8Gagnn7YCbPEzWH6g,Taylor Swift,Never been accused of not keeping it 💯,2025-10-09T19:58:35Z,496997440,2083272,23042,PT18S,none
GXODnqWPzH8,UCqECaJ8Gagnn7YCbPEzWH6g,Taylor Swift,Pledge allegiance to your 👐 your 🏈 your viiiiiiiibes,2025-10-06T13:36:29Z,403928768,1943182,18236,PT17S,none
rbmdfEQODOw,UCqECaJ8Gagnn7YCbPEzWH6g,Taylor Swift,Taylor Swift - The Fate of Ophelia (Lyric Video),2025-10-06T00:10:17Z,9723415,146501,5396,PT3M50S,none
OU6362Nggg0,UCqECaJ8Gagnn7YCbPEzWH6g,Taylor Swift,Taylor Swift - The Life of a Showgirl (Feat. Sabrina Carpenter) (Lyric Video),2025-10-05T23:48:06Z,14881895,119892,4046,PT4M6S,none
4-EzK5UB40U,UCqECaJ8Gagnn7YCbPEzWH6g,Taylor Swift,Taylor Swift - Honey (Lyric Video),2025-10-05T23:44:06Z,8211561,56202,2266,PT3M6S,none
F-5XoUZ42Tc,UCqECaJ8Gagnn7YCbPEzWH6g,Taylor Swift,Taylor Swift - CANCELLED! (Lyric Video),2025-10-05T23:40:06Z,11808161,81371,8604,PT3M36S,none
6m50keINEOI,UCqECaJ8Gagnn7YCbPEzWH6g,Taylor Swift,Taylor Swift - Wood (Lyric Video),2025-10-05T23:37:06Z,13680879,76838,3992,PT2M35S,none
wqgUzLHgNMI,UCqECaJ8Gagnn7YCbPEzWH6g,Taylor Swift,Taylor Swift - Wi$h Li$t (Lyric Video),2025-10-05T23:33:06Z,15339280,95745,2954,PT3M32S,none
FnEg1RgmqO4,UCqECaJ8Gagnn7YCbPEzWH6g,Taylor Swift,Taylor Swift - Actually Romantic (Lyric Video),2025-10-05T23:29:06Z,10842751,64901,3225,PT2M49S,none
WQCPl5rTMDQ,UCqECaJ8Gagnn7YCbPEzWH6g,Taylor Swift,Taylor Swift - Ruin The Friendship (Lyric Video),2025-10-05T23:24:06Z,12051186,79323,2732,PT3M45S,none
HwQnW_ZRKhc,UCqECaJ8Gagnn7YCbPEzWH6g,Taylor Swift,Taylor Swift - Eldest Daughter (Lyric Video),2025-10-05T23:19:06Z,10440716,86114,2808,PT4M10S,none
98SmlWOKuME,UCqECaJ8Gagnn7YCbPEzWH6g,Taylor Swift,Taylor Swift - Father Figure (Lyric Video),2025-10-05T23:15:06Z,18229926,88962,3118,PT3M36S,none
fxeEYfVDaJI,UCqECaJ8Gagnn7YCbPEzWH6g,Taylor Swift,"The official music video for “The Fate of Ophelia” is available now, only on YouTube ❤️‍🔥",2025-10-05T23:14:46Z,643401,25479,401,PT1M7S,none
3PJC6uPIekc,UCqECaJ8Gagnn7YCbPEzWH6g,Taylor Swift,Taylor Swift - Opalite (Lyric Video),2025-10-05T23:10:06Z,52157990,280611,6856,PT3M59S,none
7X5iDKPrZH0,UCqECaJ8Gagnn7YCbPEzWH6g,Taylor Swift,Taylor Swift - Elizabeth Taylor (Lyric Video),2025-10-05T23:06:06Z,18346922,123022,3707,PT3M32S,none
ko70cExuzZM,UCqECaJ8Gagnn7YCbPEzWH6g,Taylor Swift,Taylor Swift - The Fate of Ophelia (Official Music Video),2025-10-05T23:00:06Z,446990213,3556749,144053,PT3M59S,none
b3hW8c9mmLQ,UCqECaJ8Gagnn7YCbPEzWH6g,Taylor Swift,Taylor Swift - Father Figure (Visualizer),2025-10-03T04:17:26Z,9080122,104790,5578,PT3M38S,none
svcboYY81wU,UCqECaJ8Gagnn7YCbPEzWH6g,Taylor Swift,Taylor Swift - The Fate of Ophelia (Visualizer),2025-10-03T04:01:14Z,16243986,247963,11070,PT3M50S,none
slUhVTAznMo,UCqECaJ8Gagnn7YCbPEzWH6g,Taylor Swift,Taylor Swift - The Life of a Showgirl (feat. Sabrina Carpenter) (Visualizer),2025-10-03T04:01:10Z,13808131,238155,11045,PT4M6S,none
rc6NKSVv2fw,UCqECaJ8Gagnn7YCbPEzWH6g,Taylor Swift,Taylor Swift - Eldest Daughter (Visualizer),2025-10-03T04:01:08Z,6293873,115187,4837,PT4M11S,none
mC54kTYa9oI,UCqECaJ8Gagnn7YCbPEzWH6g,Taylor Swift,Taylor Swift - Wi$h Li$t (Visualizer),2025-10-03T04:01:05Z,10539808,116487,6091,PT3M32S,none
erilCNjng-g,UCqECaJ8Gagnn7YCbPEzWH6g,Taylor Swift,Taylor Swift - Wood (Visualizer),2025-10-03T04:00:47Z,5490703,86328,4619,PT2M35S,none
RId6LV1wtQY,UCqECaJ8Gagnn7YCbPEzWH6g,Taylor Swift,Taylor Swift - Ruin the Friendship (Visualizer),2025-10-03T04:00:37Z,5955543,91032,3577,PT3M45S,none
ShsfUTynzQU,UCqECaJ8Gagnn7YCbPEzWH6g,Taylor Swift,Taylor Swift - Actually Romantic (Visualizer),2025-10-03T04:00:37Z,8182383,111739,8176,PT2M48S,none
Ij6SgmK8KGQ,UCqECaJ8Gagnn7YCbPEzWH6g,Taylor Swift,Taylor Swift - CANCELLED! (Visualizer),2025-10-03T04:00:24Z,7794869,110411,7273,PT3M36S,none
9Sx8MWI8qTU,UCqECaJ8Gagnn7YCbPEzWH6g,Taylor Swift,Taylor Swift - Honey (Visualizer),2025-10-03T04:00:11Z,5242933,89296,4036,PT3M6S,none
4FUIEcnvT04,UCqECaJ8Gagnn7YCbPEzWH6g,Taylor Swift,Taylor Swift - Opalite (Visualizer),2025-10-03T04:00:06Z,33091054,236587,9434,PT3M59S,none
4Mg_Qtr6Osg,UCqECaJ8Gagnn7YCbPEzWH6g,Taylor Swift,Taylor Swift - Elizabeth Taylor (Visualizer),2025-10-03T04:00:06Z,11623880,136735,5944,PT3M32S,none
V9ED1fR21U0,UCqECaJ8Gagnn7YCbPEzWH6g,Taylor Swift,The Life of a Showgirl: The Crowd is Your King Edition only at Target,2025-09-30T19:57:21Z,1046485,72192,2405,PT31S,none
9BTFD_gX6qQ,UCqECaJ8Gagnn7YCbPEzWH6g,Taylor Swift,She’s got 4️⃣ days left to rehearse for her big moment… 😂,2025-09-29T13:14:31Z,3676187,161299,3026,PT31S,none
zqaLqctWP28,UCqECaJ8Gagnn7YCbPEzWH6g,Taylor Swift,The Life of a Showgirl: The Tiny Bubbles in Champagne Vinyl Collection ❤️‍🔥,2025-08-25T20:02:56Z,1665671,72762,2431,PT16S,none
BLFnkfAc7iY,UCqECaJ8Gagnn7YCbPEzWH6g,Taylor Swift,"The Life of a Showgirl: Baby, That’s Show Business Vinyl Collection is available now on my site❤️‍🔥",2025-08-21T18:04:53Z,1384016,60440,1297,PT16S,none
0Xh9s_3uRO8,UCqECaJ8Gagnn7YCbPEzWH6g,Taylor Swift,The Life of a Showgirl: The Shiny Bug Vinyl Collection is available now on my site for 48 hours❤️‍🔥,2025-08-18T18:13:43Z,1479138,65054,1649,PT16S,none
w_DD-7_zVtw,UCqECaJ8Gagnn7YCbPEzWH6g,Taylor Swift,"And, baby, that’s show business for you. New album The Life of a Showgirl. Out October 3  ❤️‍🔥",2025-08-14T05:00:58Z,2563442,127208,3139,PT8S,none
58zLBjzfd4M,UCqECaJ8Gagnn7YCbPEzWH6g,Taylor Swift,The #TSSummer2025 collection. Available at store.taylorswift.com while supplies last! ☀️,2025-06-11T17:00:25Z,1794252,78210,2458,PT31S,none
P0haCYjysUs,UCqECaJ8Gagnn7YCbPEzWH6g,Taylor Swift,Anti-Hero (Behind The Scenes with The Ghosts In The Room),2024-12-13T17:24:03Z,1465708,84240,6008,PT3M23S,none
PQp643val70,UCqECaJ8Gagnn7YCbPEzWH6g,Taylor Swift,cardigan (behind the scenes - forest & ocean),2024-12-13T15:26:29Z,912733,71315,2754,PT2M27S,none
-ddfFsLHNQs,UCqECaJ8Gagnn7YCbPEzWH6g,Taylor Swift,"Anti-Hero (Behind the Scenes with Mike Birbiglia, John Early & Mary Elizabeth Ellis)",2024-12-13T15:04:17Z,692867,52703,1808,PT3M21S,none
0GeyBM6NS5s,UCqECaJ8Gagnn7YCbPEzWH6g,Taylor Swift,Bejeweled (Behind the Scenes with Dita Von Teese),2024-12-13T15:04:04Z,2126907,82518,2001,PT3M12S,none
UAtpbCEsJlA,UCqECaJ8Gagnn7YCbPEzWH6g,Taylor Swift,"Bejeweled (Behind the Scenes with Jack Antonoff, HAIM & Pat McGrath)",2024-12-13T15:03:50Z,751041,50931,1285,PT2M31S,none
K-8dOw7yuPo,UCqECaJ8Gagnn7YCbPEzWH6g,Taylor Swift,Bejeweled (Behind the Scenes with Laura Dern),2024-12-13T15:03:35Z,726673,56703,1318,PT4M7S,none
w04K8z_nfDI,UCqECaJ8Gagnn7YCbPEzWH6g,Taylor Swift,"Fortnight (Behind the Scenes with Post Malone, Ethan Hawke & Josh Charles)",2024-12-13T15:03:06Z,935803,79890,4550,PT3M49S,none
AFzzgQ7uCw4,UCqECaJ8Gagnn7YCbPEzWH6g,Taylor Swift,"I Can See You (From The Vault) (Behind the Scenes with Joey King, Taylor Lautner & Presley Cash)",2024-12-13T15:02:50Z,769326,72190,3156,PT3M22S,none
ZwK7hrDC5UM,UCqECaJ8Gagnn7YCbPEzWH6g,Taylor Swift,Karma (feat. Ice Spice) (Behind the Scenes),2024-12-13T15:02:32Z,881837,79125,3153,PT3M14S,none
g_meC49cN5k,UCqECaJ8Gagnn7YCbPEzWH6g,Taylor Swift,Back in the office… 😎 #MiamiTSTheErasTour,2024-10-18T14:20:25Z,3947562,249358,14518,PT18S,none
yj1_GJiJovg,UCqECaJ8Gagnn7YCbPEzWH6g,Taylor Swift,"October 15, 2024",2024-10-15T12:33:56Z,2247232,187415,5897,PT31S,none
b6zPqm0lLQs,UCqECaJ8Gagnn7YCbPEzWH6g,Taylor Swift,Taylor Swift - I Can Do It With A Broken Heart (Dombresky Remix),2024-09-13T04:00:26Z,1039505,46435,4677,PT3M11S,none
VCTze4UuC9g,UCqECaJ8Gagnn7YCbPEzWH6g,Taylor Swift,✨ NOW PLAYING ✨ The “I Can Do It With A Broken Heart” Music Video 🤍,2024-08-20T22:15:57Z,5005731,304862,6940,PT38S,none
Sl6en1NPTYM,UCqECaJ8Gagnn7YCbPEzWH6g,Taylor Swift,Taylor Swift - I Can Do It With A Broken Heart (Official Video),2024-08-20T22:00:07Z,44836626,987898,47097,PT3M43S,none
PQTA-EVc5DI,UCqECaJ8Gagnn7YCbPEzWH6g,Taylor Swift,Taylor Swift - Fortnight (feat. Post Malone) (Cults Remix),2024-07-09T04:00:20Z,1471160,35870,5040,PT3M20S,none
HZIg5sQrPAM,UCqECaJ8Gagnn7YCbPEzWH6g,Taylor Swift,Taylor Swift - Fortnight (feat. Post Malone) (Acoustic),2024-07-09T04:00:14Z,2705903,88382,5060,PT3M49S,none
0GQ_QeZxdzo,UCqECaJ8Gagnn7YCbPEzWH6g,Taylor Swift,Taylor Swift - Fortnight (feat. Post Malone) (Behind the Scenes),2024-06-21T13:00:00Z,3812202,172157,7496,PT3M40S,none
KJXP13hqf2I,UCqECaJ8Gagnn7YCbPEzWH6g,Taylor Swift,Taylor Swift - Fortnight (feat Post Malone) (BLOND:ISH Remix),2024-05-22T00:00:43Z,3066329,75282,6451,PT3M42S,none
ZwlBxvnH-So,UCqECaJ8Gagnn7YCbPEzWH6g,Taylor Swift,A fortnight since TTPD 🤍 brought to you by YouTube Shorts #ForAFortnightChallenge,2024-05-03T17:31:46Z,32312082,1376456,16081,PT16S,none
F0TUVujmtxY,UCqECaJ8Gagnn7YCbPEzWH6g,Taylor Swift,A fortnight til Paris 🤍 Brought to you by YouTube Shorts #ForAFortnightChallenge,2024-04-25T21:58:39Z,35962704,1924463,20298,PT16S,none
AtDCWnV_Vzo,UCqECaJ8Gagnn7YCbPEzWH6g,Taylor Swift,A fortnight making TTPD 🤍 Brought to you by YouTube Shorts #ForAFortnightChallenge,2024-04-22T20:30:56Z,36389504,1903331,19612,PT16S,none
BpkmUfv1I4Q,UCqECaJ8Gagnn7YCbPEzWH6g,Taylor Swift,Taylor Swift - I Hate It Here (Official Lyric Video),2024-04-20T00:10:39Z,8680762,110119,5213,PT4M8S,none
56TZ3B8Qxsk,UCqECaJ8Gagnn7YCbPEzWH6g,Taylor Swift,Taylor Swift - The Black Dog (Official Lyric Video),2024-04-20T00:10:34Z,11868955,100563,2981,PT4M4S,none
2hBLC7E8v3A,UCqECaJ8Gagnn7YCbPEzWH6g,Taylor Swift,Share your “fortnight” recap with #ForAFortnightChallenge 🤍 brought to you by YouTube Shorts,2024-04-20T00:02:45Z,125562398,4498807,47144,PT16S,none
iMMUAd66vxo,UCqECaJ8Gagnn7YCbPEzWH6g,Taylor Swift,Taylor Swift - The Alchemy (Official Lyric Video),2024-04-20T00:00:34Z,20152661,120067,2956,PT3M22S,none
vOZFiX6hDXQ,UCqECaJ8Gagnn7YCbPEzWH6g,Taylor Swift,Taylor Swift - Who’s Afraid of Little Old Me? (Official Lyric Video),2024-04-20T00:00:33Z,33271618,235901,7554,PT5M39S,none
uEssK8o3jKg,UCqECaJ8Gagnn7YCbPEzWH6g,Taylor Swift,Taylor Swift - Florida!!! (feat. Florence + The Machine) (Official Lyric Video),2024-04-20T00:00:31Z,16232496,121655,3721,PT3M40S,none
bAi80EylyXQ,UCqECaJ8Gagnn7YCbPEzWH6g,Taylor Swift,Taylor Swift - The Bolter (Official Lyric Video),2024-04-20T00:00:26Z,7762199,62586,1628,PT4M3S,none
iY6Qhlua8Zw,UCqECaJ8Gagnn7YCbPEzWH6g,Taylor Swift,Taylor Swift - The Manuscript (Official Lyric Video),2024-04-20T00:00:26Z,3132485,46305,1271,PT3M49S,none
_PsBoqNwYo4,UCqECaJ8Gagnn7YCbPEzWH6g,Taylor Swift,Taylor Swift - The Prophecy (Official Lyric Video),2024-04-20T00:00:25Z,20891025,132475,3415,PT4M14S,none
wRKXAAV6jh4,UCqECaJ8Gagnn7YCbPEzWH6g,Taylor Swift,Taylor Swift - My Boy Only Breaks His Favorite Toys (Official Lyric Video),2024-04-20T00:00:25Z,28169780,156324,3622,PT3M29S,none
RQMz4JDbtmI,UCqECaJ8Gagnn7YCbPEzWH6g,Taylor Swift,Taylor Swift - The Tortured Poets Department (Official Lyric Video),2024-04-20T00:00:24Z,19593742,167899,5604,PT4M58S,none
w-FkV0EM_CU,UCqECaJ8Gagnn7YCbPEzWH6g,Taylor Swift,Taylor Swift -  So High School (Official Lyric Video),2024-04-20T00:00:23Z,29475044,186370,5566,PT3M55S,none
oaBJlKXBvjk,UCqECaJ8Gagnn7YCbPEzWH6g,Taylor Swift,Taylor Swift - thanK you aIMee (Official Lyric Video),2024-04-20T00:00:20Z,6529134,80281,4066,PT4M30S,none
gOtOWeD9YJk,UCqECaJ8Gagnn7YCbPEzWH6g,Taylor Swift,Taylor Swift - Chloe or Sam or Sophia or Marcus (Official Lyric Video),2024-04-20T00:00:18Z,7261681,60836,1743,PT3M39S,none
fcVUbmdQfaE,UCqECaJ8Gagnn7YCbPEzWH6g,Taylor Swift,Taylor Swift - Clara Bow (Official Lyric Video),2024-04-20T00:00:17Z,7308041,60229,1612,PT3M42S,none
i8_w_m6HLJ0,UCqECaJ8Gagnn7YCbPEzWH6g,Taylor Swift,Taylor Swift - I Can Do It With a Broken Heart (Official Lyric Video),2024-04-20T00:00:17Z,35680080,322882,7389,PT3M43S,none
OKWfv-x2rdU,UCqECaJ8Gagnn7YCbPEzWH6g,Taylor Swift,Taylor Swift - I Can Fix Him (No Really I Can) (Official Lyric Video),2024-04-20T00:00:16Z,6825660,53196,1253,PT2M41S,none
OOYlWF6V8t8,UCqECaJ8Gagnn7YCbPEzWH6g,Taylor Swift,Taylor Swift - Guilty as Sin (Official Lyric Video),2024-04-20T00:00:15Z,65673759,230389,4644,PT4M19S,none
Mxxswu7V1Us,UCqECaJ8Gagnn7YCbPEzWH6g,Taylor Swift,Taylor Swift - Peter (Official Lyric Video),2024-04-20T00:00:14Z,12111799,89839,3168,PT4M50S,none
EVbtjaWXQVg,UCqECaJ8Gagnn7YCbPEzWH6g,Taylor Swift,Taylor Swift - Down Bad (Official Lyric Video),2024-04-20T00:00:12Z,38004527,191198,4582,PT4M26S,none
FQyEZZPbOb0,UCqECaJ8Gagnn7YCbPEzWH6g,Taylor Swift,Taylor Swift - Robin (Official Lyric Video),2024-04-20T00:00:12Z,2369041,35921,1283,PT4M6S,none
SBGdvxi2JmU,UCqECaJ8Gagnn7YCbPEzWH6g,Taylor Swift,Taylor Swift - imgonnagetyouback (Official Lyric Video),2024-04-20T00:00:12Z,16466291,92581,2788,PT3M45S,none
GZ4vaTRn0HU,UCqECaJ8Gagnn7YCbPEzWH6g,Taylor Swift,Taylor Swift - loml (Official Lyric Video),2024-04-20T00:00:11Z,33313407,174405,4407,PT4M42S,none
U2W173hRfyA,UCqECaJ8Gagnn7YCbPEzWH6g,Taylor Swift,Taylor Swift - But Daddy I Love Him (Official Lyric Video),2024-04-20T00:00:11Z,26671491,171563,4905,PT5M45S,none
O3wlMR0y4a4,UCqECaJ8Gagnn7YCbPEzWH6g,Taylor Swift,Taylor Swift - How Did It End? (Official Lyric Video),2024-04-20T00:00:10Z,11381205,83552,2306,PT4M3S,none
Atdzfj8LcuY,UCqECaJ8Gagnn7YCbPEzWH6g,Taylor Swift,Taylor Swift - The Smallest Man Who Ever Lived (Official Lyric Video),2024-04-20T00:00:09Z,19973384,123027,3875,PT4M10S,none
CCUr2pNJft4,UCqECaJ8Gagnn7YCbPEzWH6g,Taylor Swift,"Taylor Swift - So Long, London (Official Lyric Video)",2024-04-20T00:00:07Z,26678142,169737,4319,PT4M28S,none
HzsQHfBA3MY,UCqECaJ8Gagnn7YCbPEzWH6g,Taylor Swift,Taylor Swift - Fortnight (feat Post Malone) (Official Lyric Video),2024-04-20T00:00:07Z,4101967,49107,1007,PT3M54S,none
eb0OMrM6GtA,UC0C-w0YjGpqDXGB8IHb662A,Ed Sheeran,"From covering Ed’s songs, to supporting on the Loop Tour. What a journey @officialelliebanke - Ed HQ",2026-06-29T13:24:53Z,113756,3635,187,PT58S,none
gp886z7UiIo,UC0C-w0YjGpqDXGB8IHb662A,Ed Sheeran,A picture perfect moment in Milwaukee - Ed HQ,2026-06-26T15:44:30Z,110707,3607,142,PT43S,none
ZC4Fi2YivDI,UC0C-w0YjGpqDXGB8IHb662A,Ed Sheeran,Thank you Nashville - Ed HQ,2026-06-23T09:29:02Z,92894,4360,245,PT39S,none
rTWTAoAQzSA,UC0C-w0YjGpqDXGB8IHb662A,Ed Sheeran,Bringing out @DanAndShay in Nashville to sing Tequila - Ed HQ,2026-06-22T18:15:11Z,88423,3364,140,PT25S,none
BMwslmG97Fc,UC0C-w0YjGpqDXGB8IHb662A,Ed Sheeran,Repeat It Acoustic with @MartinGarrix  out now x,2026-06-19T16:54:40Z,100087,4259,246,PT35S,none
yUXfvSymM1s,UC0C-w0YjGpqDXGB8IHb662A,Ed Sheeran,"Kicked off the North American tour, thanks for having me Glendale x",2026-06-17T15:56:44Z,78052,3740,251,PT30S,none
PQgvnB_kxXY,UC0C-w0YjGpqDXGB8IHb662A,Ed Sheeran,Latin America Tour diary is live on my channel now x,2026-06-09T19:55:57Z,61649,2727,135,PT32S,none
yhUTCeZ1cIc,UC0C-w0YjGpqDXGB8IHb662A,Ed Sheeran,Loop Tour Diaries - Latin America (May 2026),2026-06-09T17:17:21Z,92109,3896,518,PT7M14S,none
-sq2GZy_D6E,UC0C-w0YjGpqDXGB8IHb662A,Ed Sheeran,"have loved touring Latin America again after so long. back in December, see you all soon x",2026-06-01T16:39:41Z,153172,4655,199,PT53S,none
_AGZQOfa0So,UC0C-w0YjGpqDXGB8IHb662A,Ed Sheeran,big night in Guatemala City. thanks for coming everyone x,2026-05-29T20:00:11Z,93993,3887,193,PT39S,none
kwDpOBEStIM,UC0C-w0YjGpqDXGB8IHb662A,Ed Sheeran,"Me and @MartinGarrix B2B live now. One of my favourite moments on stage ever, go check it out x",2026-05-23T20:07:26Z,103141,4607,179,PT57S,none
gxctgdWaIBM,UC0C-w0YjGpqDXGB8IHb662A,Ed Sheeran,Repeat It music video out now. Loads of love everyone x,2026-05-18T20:12:16Z,81067,4364,224,PT37S,none
xIC7i6ICebE,UC0C-w0YjGpqDXGB8IHb662A,Ed Sheeran,It’s gonna be fun playing this all summer. Repeat it out now x,2026-05-17T00:00:39Z,150739,6340,235,PT59S,none
fx4oGdI4C7A,UC0C-w0YjGpqDXGB8IHb662A,Ed Sheeran,Played Puerto Rico last night. Thank you so much @DaddyYankee for coming down !,2026-05-14T15:15:37Z,155418,5348,207,PT1M,none
vhWWYT1cyuc,UC0C-w0YjGpqDXGB8IHb662A,Ed Sheeran,"loop tour’s back, first stop was Santo Domingo x",2026-05-13T14:15:05Z,167687,5418,193,PT22S,none
PnDTh-sbFVU,UC0C-w0YjGpqDXGB8IHb662A,Ed Sheeran,I told Martin if I get 3 pencils in we can release Repeat it for his birthday,2026-05-12T15:43:48Z,995014,20170,374,PT16S,none
O3IH-XqkFwI,UC0C-w0YjGpqDXGB8IHb662A,Ed Sheeran,Loop Tour Starts again this weekend. See you soon Latin America x,2026-05-07T17:14:07Z,213794,5789,163,PT26S,none
teuX_DthRRc,UC0C-w0YjGpqDXGB8IHb662A,Ed Sheeran,you guys requested Supermarket Flowers x,2026-04-27T12:08:58Z,142261,5311,238,PT35S,none
aFTpJeaozZg,UC0C-w0YjGpqDXGB8IHb662A,Ed Sheeran,a Mexican Wave during Tenerife Sea x,2026-04-17T16:46:27Z,245377,6516,233,PT31S,none
mHDSz0h25lY,UC0C-w0YjGpqDXGB8IHb662A,Ed Sheeran,Loop Tour down under! full tour diary live on my channel now x,2026-04-09T22:20:07Z,200749,5001,145,PT30S,none
rFSiI_Znz5w,UC0C-w0YjGpqDXGB8IHb662A,Ed Sheeran,Loop Tour Diaries - Australia & New Zealand 2026,2026-04-09T22:01:00Z,224869,4489,508,PT3M58S,none
lrYzCPWSY7A,UC0C-w0YjGpqDXGB8IHb662A,Ed Sheeran,Bad habits in Adelaide x,2026-03-16T12:53:44Z,274026,8187,330,PT29S,none
tlS0009HZVw,UC0C-w0YjGpqDXGB8IHb662A,Ed Sheeran,Kicked of the loop tour in Aus and NZ. See you soon Latin America x,2026-03-11T19:40:57Z,298533,7999,280,PT15S,none
X2ovY-eLycw,UC0C-w0YjGpqDXGB8IHb662A,Ed Sheeran,who doesn’t want Thor to tuck them in at night,2026-02-27T11:36:30Z,288498,7687,290,PT8S,none
KoGJluMfRPw,UC0C-w0YjGpqDXGB8IHb662A,Ed Sheeran,Thank you Brisbane x,2026-02-26T15:51:19Z,233639,6857,235,PT52S,none
V-1NbxnRMl4,UC0C-w0YjGpqDXGB8IHb662A,Ed Sheeran,Recreating the comic book cover,2026-02-26T09:46:14Z,869362,13399,257,PT19S,none
ntyJ60ZIGQk,UC0C-w0YjGpqDXGB8IHb662A,Ed Sheeran,There’s a new mayor in town,2026-02-20T12:13:26Z,357162,8630,273,PT28S,none
yComZM2C_UI,UC0C-w0YjGpqDXGB8IHb662A,Ed Sheeran,Playing a throwback in Sydney x,2026-02-18T17:06:39Z,320385,8818,276,PT30S,none
ZFTdJ0lLbcU,UC0C-w0YjGpqDXGB8IHb662A,Ed Sheeran,"the Loop tour is well under way down under, loving being back x",2026-02-02T11:52:24Z,865791,17700,541,PT25S,none
ZntIATLOlc4,UC0C-w0YjGpqDXGB8IHb662A,Ed Sheeran,Rehearsing Grade 8 for a Loop Tour song request in Wellington x,2026-01-29T12:10:25Z,536230,14253,341,PT48S,none
55shmUx6Z4w,UC0C-w0YjGpqDXGB8IHb662A,Ed Sheeran,"Billions Club Live, out now on @Spotify x",2026-01-24T21:03:39Z,157010,4634,205,PT40S,none
qYf3GSfQNHQ,UC0C-w0YjGpqDXGB8IHb662A,Ed Sheeran,"Thinking Out Loud for Billions Club in Dublin, watch now on @Spotify x",2026-01-23T21:03:27Z,222728,5989,209,PT34S,none
HAvnZEY3zvQ,UC0C-w0YjGpqDXGB8IHb662A,Ed Sheeran,Billions Club Live from Dublin is out now on Spotify x,2026-01-22T16:02:26Z,344535,8341,238,PT32S,none
hxm67bJOLdY,UC0C-w0YjGpqDXGB8IHb662A,Ed Sheeran,Mathematics tour wrap up. thank you to everyone for an amazing 3.5 years. Full vid on my YouTube x,2025-12-28T16:31:52Z,303975,7254,271,PT52S,none
WEIiNZ5w0PQ,UC0C-w0YjGpqDXGB8IHb662A,Ed Sheeran,Ed Sheeran – The Mathematics Tour (2022–2025) | Wrap Up,2025-12-28T16:00:57Z,655336,10309,759,PT3M41S,none
vg6j-vt5lKw,UC0C-w0YjGpqDXGB8IHb662A,Ed Sheeran,"Me and @WheatusOfficial played a Christmas carols show, raising money for @BoweryMission x",2025-12-24T18:03:43Z,241209,6180,282,PT48S,none
PBSRzqHMb54,UC0C-w0YjGpqDXGB8IHb662A,Ed Sheeran,Skeletons studio BTS x,2025-12-10T20:09:48Z,336662,9274,272,PT32S,none
Oz3v8-U4-GQ,UC0C-w0YjGpqDXGB8IHb662A,Ed Sheeran,its that time of year again @beogamusic,2025-12-09T16:30:47Z,433850,12863,389,PT55S,none
x-HCaGvU3Qk,UC0C-w0YjGpqDXGB8IHb662A,Ed Sheeran,Ed Sheeran - Technicolour [Lyric Video],2025-11-28T05:01:24Z,385183,6331,519,PT2M19S,none
vcm5IlZW3dY,UC0C-w0YjGpqDXGB8IHb662A,Ed Sheeran,Ed Sheeran - Satellite [Lyric Video],2025-11-28T05:01:20Z,219727,4455,319,PT2M39S,none
YkbXbyJ99EE,UC0C-w0YjGpqDXGB8IHb662A,Ed Sheeran,Ed Sheeran - I Don't Wanna Go To Bed [Lyric Video],2025-11-28T05:00:45Z,275743,6023,316,PT2M25S,none
WbqG5vNNtLY,UC0C-w0YjGpqDXGB8IHb662A,Ed Sheeran,Ed Sheeran - Skeletons [Lyric Video],2025-11-28T05:00:41Z,585385,6400,280,PT2M41S,none
OkbFCXUWdZM,UC0C-w0YjGpqDXGB8IHb662A,Ed Sheeran,Ed Sheeran - Lights Out [Lyric Video],2025-11-28T05:00:34Z,151455,3100,141,PT3M15S,none
DwyTzloYoqo,UC0C-w0YjGpqDXGB8IHb662A,Ed Sheeran,Ed Sheeran - Spiral [Lyric Video],2025-11-28T05:00:16Z,152095,4023,203,PT3M16S,none
BEhZdSd3jqI,UC0C-w0YjGpqDXGB8IHb662A,Ed Sheeran,Ed Sheeran - Rapture [Lyric Video],2025-11-28T05:00:14Z,117706,3759,175,PT3M24S,none
3m2eBkcJLRc,UC0C-w0YjGpqDXGB8IHb662A,Ed Sheeran,Ed Sheeran - Fade Out [Lyric Video],2025-11-28T05:00:06Z,133469,3173,153,PT2M45S,none
CD4FrielVVM,UC0C-w0YjGpqDXGB8IHb662A,Ed Sheeran,Ed Sheeran  - Crashing [Lyric Video],2025-11-27T05:00:23Z,285067,10346,671,PT4M9S,none
SoNFgC3eQ5g,UC0C-w0YjGpqDXGB8IHb662A,Ed Sheeran,Go check out The Making of One Shot on @stillwatchingnetflix now x,2025-11-21T20:50:10Z,218170,6253,188,PT57S,none
S0P05w6uNUo,UC0C-w0YjGpqDXGB8IHb662A,Ed Sheeran,Nuthin but Net,2025-11-21T18:16:37Z,287306,7695,267,PT15S,none
SvNmBoSba7Q,UC0C-w0YjGpqDXGB8IHb662A,Ed Sheeran,By far the best thing i've been involved with in my career. One Shot on @Netflix out now,2025-11-21T08:43:57Z,789056,27311,539,PT59S,none
ajXrjOJg47w,UC0C-w0YjGpqDXGB8IHb662A,Ed Sheeran,Camera feat. @flamescollective⁩ on ⁨@OfficialGrahamNorton⁩ x,2025-11-10T18:20:48Z,294150,7665,262,PT40S,none
TkV4pXdJjf4,UC0C-w0YjGpqDXGB8IHb662A,Ed Sheeran,Ed Sheeran - Camera feat. Flames Collective [Live from the Graham Norton Show],2025-11-08T00:00:39Z,2010526,8533,521,PT3M38S,none
6zuNGCr12-0,UC0C-w0YjGpqDXGB8IHb662A,Ed Sheeran,behind the scenes for the Camera music video is up on my channel now. enjoy x,2025-10-29T15:34:59Z,312694,8263,232,PT27S,none
Mcgcw5Wo1bM,UC0C-w0YjGpqDXGB8IHb662A,Ed Sheeran,Ed Sheeran - Camera (Official Behind The Scenes),2025-10-29T15:00:45Z,138497,4101,235,PT3M32S,none
C9f8J31gAF4,UC0C-w0YjGpqDXGB8IHb662A,Ed Sheeran,The Vow for Amazon Songline. Check out the full performance on ​⁠@amazonmusic  & @PrimeVideo x,2025-10-24T14:21:35Z,348434,8450,213,PT30S,none
pJeCx_P8Kxw,UC0C-w0YjGpqDXGB8IHb662A,Ed Sheeran,Ed Sheeran - The Vow (Amazon Music Songline),2025-10-24T14:01:27Z,407145,7881,438,PT3M34S,none
kFqUwZyx8i8,UC0C-w0YjGpqDXGB8IHb662A,Ed Sheeran,Symmetry featuring @KaranAujlaOfficial out now. We got the lads from @TheQuickStyle in the video,2025-10-20T18:03:47Z,489120,12069,208,PT20S,none
BmH2B5Zm5Gs,UC0C-w0YjGpqDXGB8IHb662A,Ed Sheeran,"The Play Remixes EP is out now, ive loved this collaboration process so much, I hope you enjoy it x",2025-10-17T04:14:00Z,244852,7874,210,PT51S,none
32sPcsb9ClQ,UC0C-w0YjGpqDXGB8IHb662A,Ed Sheeran,Ed Sheeran - Symmetry feat. Karan Aujla (Official Music Video),2025-10-17T04:00:07Z,15919036,198675,7242,PT3M14S,none
sr63J3DiS9o,UC0C-w0YjGpqDXGB8IHb662A,Ed Sheeran,"Ed Sheeran - Don't Look Down (feat. Hanumankind, Dhee, Santhosh Narayanan) - Remix [Lyric Video]",2025-10-16T23:01:05Z,1334866,55464,1959,PT4M44S,none
5yhgAq-xnRM,UC0C-w0YjGpqDXGB8IHb662A,Ed Sheeran,Ed Sheeran - Heaven (feat. Jonita) - Remix [Lyric Video],2025-10-16T23:00:06Z,508325,10930,386,PT4M3S,none
Quu7Kajlwqc,UC0C-w0YjGpqDXGB8IHb662A,Ed Sheeran,Symmetry featuring @KaranAujlaOfficial  video and song out Friday with the Play Remixes EP x,2025-10-15T15:21:30Z,399575,9982,177,PT19S,none
Y8If1soIfxs,UC0C-w0YjGpqDXGB8IHb662A,Ed Sheeran,Symmetry featuring @KaranAujlaOfficial out Friday x,2025-10-13T15:28:11Z,3823233,75312,489,PT19S,none
THd-7eGSiBA,UC0C-w0YjGpqDXGB8IHb662A,Ed Sheeran,Full Songline album and film are out now on Amazon & Prime Video x,2025-10-10T14:50:29Z,379931,9447,206,PT30S,none
u8c7lSWJSi8,UC0C-w0YjGpqDXGB8IHb662A,Ed Sheeran,Ed Sheeran - Sapphire (Amazon Music Songline),2025-10-10T14:01:34Z,688843,11005,470,PT3M59S,none
1ODOqdJu5tE,UC0C-w0YjGpqDXGB8IHb662A,Ed Sheeran,Ed Sheeran & Saman Kesh on Azizam (Director's Commentary),2025-10-09T16:00:04Z,77577,2252,148,PT4M49S,none
nKXuv5xnxaI,UC0C-w0YjGpqDXGB8IHb662A,Ed Sheeran,Ed Sheeran - Amazon Music Songline (Trailer),2025-10-08T20:07:45Z,479786,2900,146,PT30S,none
Z9amhpNNcRM,UC0C-w0YjGpqDXGB8IHb662A,Ed Sheeran,Played a secret show with @meganmoroney tonight at @KidSuper in Brooklyn x,2025-10-07T15:10:54Z,198202,5631,138,PT42S,none
tsy5VvgryxI,UC0C-w0YjGpqDXGB8IHb662A,Ed Sheeran,"Filmed this at the @KidSuper pop up, enjoy x",2025-10-03T15:36:14Z,230989,7592,295,PT1M,none
I2ibMq0asZA,UC0C-w0YjGpqDXGB8IHb662A,Ed Sheeran,Ed Sheeran - Camera (KidSuper Studios Presents: Blank Canvas),2025-10-03T15:00:25Z,528757,8240,465,PT4M15S,none
mM2nGuvFPI4,UC0C-w0YjGpqDXGB8IHb662A,Ed Sheeran,Shot this whilst shooting the music vid x,2025-09-25T16:31:36Z,565967,22337,641,PT1M,none
pZ1fwahvcaY,UC0C-w0YjGpqDXGB8IHb662A,Ed Sheeran,Here’s me playing Symmetry on a rooftop in Old Delhi. Full vid on my channel x,2025-09-23T15:07:24Z,251737,8330,242,PT49S,none
B4IY8Vqr9Gs,UC0C-w0YjGpqDXGB8IHb662A,Ed Sheeran,Ed Sheeran - Symmetry (Looper Performance Live from Old Delhi),2025-09-23T15:00:27Z,638870,13947,753,PT3M24S,none
FOOiWOd64Gc,UC0C-w0YjGpqDXGB8IHb662A,Ed Sheeran,iPad kid 4eva,2025-09-22T14:02:18Z,593354,17369,308,PT11S,none
Fr0spwu2o70,UC0C-w0YjGpqDXGB8IHb662A,Ed Sheeran,Camera for ‪@nprmusic Tiny Desk x,2025-09-18T21:34:25Z,275178,7356,176,PT1M,none
DYTNxvZBhxE,UC0C-w0YjGpqDXGB8IHb662A,Ed Sheeran,"Coming to North America for the Loop tour. New stage, new tricks. All info on my website x",2025-09-18T12:15:16Z,311071,11389,352,PT35S,none
h3E8T_VyBuw,UC0C-w0YjGpqDXGB8IHb662A,Ed Sheeran,Singing Camera with the amazing @flamescollective,2025-09-16T17:22:06Z,454700,13715,294,PT42S,none
uUMJ2fZUETs,UC0C-w0YjGpqDXGB8IHb662A,Ed Sheeran,Camera for ​⁠@amazonmusic Songline x,2025-09-15T17:53:35Z,290742,9512,165,PT41S,none
-hZH84Ajv2w,UC0C-w0YjGpqDXGB8IHb662A,Ed Sheeran,Ed Sheeran - Camera (Amazon Music Songline),2025-09-15T17:30:00Z,4940734,12797,691,PT3M30S,none
wzH3MHmIWvU,UC0C-w0YjGpqDXGB8IHb662A,Ed Sheeran,Ed Sheeran - Freedom [Lyric Video],2025-09-12T13:31:04Z,511072,9218,484,PT3M57S,none
tcJe02LBBns,UC0C-w0YjGpqDXGB8IHb662A,Ed Sheeran,Ed Sheeran - Heaven [Lyric Video],2025-09-12T13:31:00Z,960021,11253,449,PT4M3S,none
gvAR0fYcANY,UC0C-w0YjGpqDXGB8IHb662A,Ed Sheeran,Ed Sheeran - War Game [Lyric Video],2025-09-12T13:30:50Z,243769,4245,200,PT3M12S,none
eqK-Gpfl1DI,UC0C-w0YjGpqDXGB8IHb662A,Ed Sheeran,Ed Sheeran - Symmetry [Lyric Video],2025-09-12T13:30:49Z,1012926,10783,522,PT2M50S,none
lAxW0CSUdIY,UC0C-w0YjGpqDXGB8IHb662A,Ed Sheeran,Ed Sheeran - Opening [Lyric Video],2025-09-12T13:30:48Z,1224206,17796,1020,PT3M59S,none
i752DxeIi7Q,UC0C-w0YjGpqDXGB8IHb662A,Ed Sheeran,Ed Sheeran - In Other Words [Lyric Video],2025-09-12T13:30:43Z,1946710,34356,849,PT3M42S,none
ctOgZY9zLDM,UC0C-w0YjGpqDXGB8IHb662A,Ed Sheeran,Ed Sheeran - Slowly [Lyric Video],2025-09-12T13:30:42Z,598999,7849,266,PT3M21S,none
NtmnOkoKcRo,UC0C-w0YjGpqDXGB8IHb662A,Ed Sheeran,Ed Sheeran - For Always [Lyric Video],2025-09-12T13:30:33Z,599969,8285,225,PT3M27S,none
T_cS93lN84c,UC0C-w0YjGpqDXGB8IHb662A,Ed Sheeran,Ed Sheeran - Regrets [Lyric Video],2025-09-12T13:30:29Z,165069,3844,199,PT3M49S,none
GWaTI0AINMc,UC0C-w0YjGpqDXGB8IHb662A,Ed Sheeran,Ed Sheeran - The Vow [Lyric Video],2025-09-12T13:30:16Z,1232320,13268,443,PT3M32S,none
A0NrNyaKggQ,UC0C-w0YjGpqDXGB8IHb662A,Ed Sheeran,Ed Sheeran - Don't Look Down [Lyric Video],2025-09-12T13:30:10Z,423495,7028,331,PT3M37S,none
AwStG0M5_UA,UC0C-w0YjGpqDXGB8IHb662A,Ed Sheeran,Ed Sheeran - Problems [Lyric Video],2025-09-12T13:30:10Z,330134,5445,212,PT2M55S,none
8cDeR2cpBYU,UC0C-w0YjGpqDXGB8IHb662A,Ed Sheeran,Ed Sheeran - Camera [Lyric Video],2025-09-12T13:30:09Z,1469458,13065,394,PT3M35S,none
uzAlNvHNbbw,UC0C-w0YjGpqDXGB8IHb662A,Ed Sheeran,Ed Sheeran - Camera (Official Behind The Scenes),2025-09-12T04:05:06Z,0,3198,70,PT3M32S,none
YpOIUHpBvv8,UC0C-w0YjGpqDXGB8IHb662A,Ed Sheeran,Camera music video out now x,2025-09-12T04:02:48Z,387646,7976,175,PT30S,none
O8WXFI_MSAI,UC0C-w0YjGpqDXGB8IHb662A,Ed Sheeran,Ed Sheeran - Camera (Official Music Video),2025-09-12T04:00:06Z,16456572,92037,2966,PT3M44S,none
zNuKcn9rlwE,UC0C-w0YjGpqDXGB8IHb662A,Ed Sheeran,Catching up with Zane Lowe for @AppleMusic. On my channel now x,2025-09-10T17:38:10Z,213581,6936,152,PT47S,none
KxgqbOuXbs0,UC0C-w0YjGpqDXGB8IHb662A,Ed Sheeran,Ed Sheeran -  The Zane Lowe Interview 2025,2025-09-10T17:00:28Z,276246,8248,532,PT55M36S,none
t5s3zrwdQss,UC0C-w0YjGpqDXGB8IHb662A,Ed Sheeran,Camera official music video premieres on YouTube this Friday 12th Sept 12am ET / 5am BST x,2025-09-09T17:15:11Z,336010,8795,200,PT16S,none
OOAYWUoQynw,UC0C-w0YjGpqDXGB8IHb662A,Ed Sheeran,"Mathematics is fully over now, what a finale. Love you all x",2025-09-09T13:42:58Z,516853,17492,424,PT43S,none
GhtJzdZx3Ac,UC0C-w0YjGpqDXGB8IHb662A,Ed Sheeran,"Camera out September 12th with Play. Hope you guys love the song, and the video x",2025-09-05T10:15:07Z,1087034,21483,435,PT24S,none
5fspuy3L7Ag,UCIwFjwMjI0y7PDBVEO9-bkQ,Justin Bieber,Justin Bieber - LIVE FROM COACHELLA (Weekend II) Full Set,2026-07-03T16:00:47Z,2632689,37100,2083,PT1H39M45S,none
PmlhlaCvD58,UCIwFjwMjI0y7PDBVEO9-bkQ,Justin Bieber,Justin Bieber - DOTTED LINE (LIVE FROM COACHELLA (Weekend II) / Audio),2026-07-03T04:00:37Z,28913,1317,155,PT2M44S,none
ckv5D_ounm4,UCIwFjwMjI0y7PDBVEO9-bkQ,Justin Bieber,Justin Bieber - ALL I CAN TAKE (LIVE FROM COACHELLA (Weekend II) / Audio),2026-07-03T04:00:36Z,19799,1120,89,PT3M40S,none
gXExN_mSm_Y,UCIwFjwMjI0y7PDBVEO9-bkQ,Justin Bieber,Justin Bieber - GLORY VOICE MEMO (LIVE FROM COACHELLA (Weekend II) / Audio),2026-07-03T04:00:36Z,6234,673,72,PT1M34S,none
W4V3kp1RBKw,UCIwFjwMjI0y7PDBVEO9-bkQ,Justin Bieber,Justin Bieber - ALL THE WAY (LIVE FROM COACHELLA (Weekend II) / Audio),2026-07-03T04:00:35Z,10423,921,105,PT2M46S,none
G-zLQdRs7GY,UCIwFjwMjI0y7PDBVEO9-bkQ,Justin Bieber,Justin Bieber - YUKON (LIVE FROM COACHELLA (Weekend II) / Audio),2026-07-03T04:00:34Z,22719,1520,119,PT2M50S,none
hnQgHIgQqZM,UCIwFjwMjI0y7PDBVEO9-bkQ,Justin Bieber,Justin Bieber - SPEED DEMON (LIVE FROM COACHELLA (Weekend II) / Audio),2026-07-03T04:00:33Z,16094,988,79,PT3M31S,none
vTkyi4Btck0,UCIwFjwMjI0y7PDBVEO9-bkQ,Justin Bieber,Justin Bieber - ZUMA HOUSE (LIVE FROM COACHELLA (Weekend II) / Audio),2026-07-03T04:00:29Z,3104,525,36,PT1M39S,none
J_PvrEuOK8Y,UCIwFjwMjI0y7PDBVEO9-bkQ,Justin Bieber,"Justin Bieber, Sexyy Red - SWEET SPOT (LIVE FROM COACHELLA (Weekend II) / Audio)",2026-07-03T04:00:25Z,4065,540,52,PT3M20S,none
cbTwSwCQt9w,UCIwFjwMjI0y7PDBVEO9-bkQ,Justin Bieber,"Justin Bieber, Dijon - DEVOTION (LIVE FROM COACHELLA (Weekend II) / Audio)",2026-07-03T04:00:22Z,3892,511,37,PT3M45S,none
7ynapSrb4PM,UCIwFjwMjI0y7PDBVEO9-bkQ,Justin Bieber,Justin Bieber - GO BABY (LIVE FROM COACHELLA (Weekend II) / Audio),2026-07-03T04:00:19Z,12243,765,56,PT3M19S,none
aS9vBU52KCo,UCIwFjwMjI0y7PDBVEO9-bkQ,Justin Bieber,Justin Bieber - BUTTERFLIES (LIVE FROM COACHELLA (Weekend II) / Audio),2026-07-03T04:00:19Z,4068,543,46,PT3M10S,none
lHwBYK7cxrw,UCIwFjwMjI0y7PDBVEO9-bkQ,Justin Bieber,Justin Bieber - I DO (LIVE FROM COACHELLA (Weekend II) / Audio),2026-07-03T04:00:16Z,4912,597,43,PT2M31S,none
Z3KKdbT_CtU,UCIwFjwMjI0y7PDBVEO9-bkQ,Justin Bieber,Justin Bieber - PETTING ZOO (LIVE FROM COACHELLA (Weekend II) / Audio),2026-07-03T04:00:15Z,4647,616,60,PT1M18S,none
yOoAaSWLAf8,UCIwFjwMjI0y7PDBVEO9-bkQ,Justin Bieber,Justin Bieber - LYIN' (LIVE FROM COACHELLA (Weekend II) / Audio),2026-07-03T04:00:15Z,5331,556,43,PT2M44S,none
SMXYtW7ZrVA,UCIwFjwMjI0y7PDBVEO9-bkQ,Justin Bieber,Justin Bieber - TOO LONG (LIVE FROM COACHELLA (Weekend II) / Audio),2026-07-03T04:00:10Z,3170,511,41,PT1M50S,none
q4zJSU-EUfQ,UCIwFjwMjI0y7PDBVEO9-bkQ,Justin Bieber,Justin Bieber - DAISIES (LIVE FROM COACHELLA (Weekend II) / Audio),2026-07-03T04:00:09Z,26019,1357,108,PT4M20S,none
0WukpiQ9AmM,UCIwFjwMjI0y7PDBVEO9-bkQ,Justin Bieber,Justin Bieber - WALKING AWAY (LIVE FROM COACHELLA (Weekend II) / Audio),2026-07-03T04:00:08Z,15338,906,81,PT4M10S,none
-fgpob2RSf4,UCIwFjwMjI0y7PDBVEO9-bkQ,Justin Bieber,Justin Bieber - 405 (LIVE FROM COACHELLA (Weekend II) / Audio),2026-07-03T04:00:04Z,2991,488,39,PT2M38S,none
xzGJB0FD_Ro,UCIwFjwMjI0y7PDBVEO9-bkQ,Justin Bieber,"Justin Bieber, SZA - SNOOZE (LIVE FROM COACHELLA (Weekend II) / Audio)",2026-07-03T04:00:04Z,24356,2195,145,PT3M46S,none
1otMj8tSOFQ,UCIwFjwMjI0y7PDBVEO9-bkQ,Justin Bieber,Justin Bieber - THINGS YOU DO (LIVE FROM COACHELLA (Weekend II) / Audio),2026-07-03T04:00:03Z,9265,1239,121,PT1M49S,none
UNZHWquakrA,UCIwFjwMjI0y7PDBVEO9-bkQ,Justin Bieber,Justin Bieber - EVERYTHING HALLELUJAH (LIVE FROM COACHELLA (Weekend II) / Audio),2026-07-03T04:00:03Z,11925,761,81,PT4M28S,none
Z0R0iKIcteA,UCIwFjwMjI0y7PDBVEO9-bkQ,Justin Bieber,Justin Bieber - FIRST PLACE (LIVE FROM COACHELLA (Weekend II) / Audio),2026-07-03T04:00:01Z,8228,1181,109,PT3M28S,none
D0_Q0i25x98,UCIwFjwMjI0y7PDBVEO9-bkQ,Justin Bieber,Justin Bieber - MOTHER IN YOU (LIVE FROM COACHELLA (Weekend II) / Audio),2026-07-03T04:00:00Z,14720,1477,131,PT3M39S,none
f_iCC1D0DT8,UCIwFjwMjI0y7PDBVEO9-bkQ,Justin Bieber,Justin Bieber - LIVE FROM COACHELLA (Weekend I) Full Set,2026-06-27T00:29:33Z,6019312,142252,4453,PT1H28M15S,none
xycvzarnS3I,UCIwFjwMjI0y7PDBVEO9-bkQ,Justin Bieber,Justin Bieber - 405 (LIVE FROM COACHELLA (Weekend I) / Audio),2026-06-26T04:00:36Z,81548,2867,290,PT2M38S,none
bjULIqIAeak,UCIwFjwMjI0y7PDBVEO9-bkQ,Justin Bieber,"Justin Bieber, The Kid LAROI - STAY (LIVE FROM COACHELLA (Weekend I) / Audio)",2026-06-26T04:00:35Z,180416,8527,500,PT2M32S,none
tB99hNZieIc,UCIwFjwMjI0y7PDBVEO9-bkQ,Justin Bieber,Justin Bieber - I DO (LIVE FROM COACHELLA (Weekend I) / Audio),2026-06-26T04:00:35Z,34753,2001,167,PT2M25S,none
uj3m4U7-Ik4,UCIwFjwMjI0y7PDBVEO9-bkQ,Justin Bieber,"Justin Bieber, Dijon - DEVOTION (LIVE FROM COACHELLA (Weekend I) / Audio)",2026-06-26T04:00:33Z,29078,1486,121,PT3M39S,none
zvJ9aOiexxo,UCIwFjwMjI0y7PDBVEO9-bkQ,Justin Bieber,Justin Bieber - ALL THE WAY (LIVE FROM COACHELLA (Weekend I) / Audio),2026-06-26T04:00:32Z,40882,1655,144,PT1M41S,none
NijRCaXeVbM,UCIwFjwMjI0y7PDBVEO9-bkQ,Justin Bieber,Justin Bieber - PETTING ZOO (LIVE FROM COACHELLA (Weekend I) / Audio),2026-06-26T04:00:30Z,27726,1506,133,PT1M18S,none
ZEwKVt2hEG0,UCIwFjwMjI0y7PDBVEO9-bkQ,Justin Bieber,Justin Bieber - SPEED DEMON (LIVE FROM COACHELLA (Weekend I) / Audio),2026-06-26T04:00:28Z,88284,3135,205,PT3M32S,none
i5-LtfqANHk,UCIwFjwMjI0y7PDBVEO9-bkQ,Justin Bieber,Justin Bieber - ALL I CAN TAKE (LIVE FROM COACHELLA (Weekend I) / Audio),2026-06-26T04:00:22Z,78438,3177,233,PT3M53S,none
_J4Us6Zr4Ck,UCIwFjwMjI0y7PDBVEO9-bkQ,Justin Bieber,"Justin Bieber, Wizkid, Tems - ESSENCE (LIVE FROM COACHELLA (Weekend I) / Audio)",2026-06-26T04:00:14Z,56756,3202,240,PT4M13S,none
Ojx-q2dD0kE,UCIwFjwMjI0y7PDBVEO9-bkQ,Justin Bieber,Justin Bieber - YUKON (LIVE FROM COACHELLA (Weekend I) / Audio),2026-06-26T04:00:12Z,138863,4094,243,PT2M55S,none
wu_6MbRRvFY,UCIwFjwMjI0y7PDBVEO9-bkQ,Justin Bieber,Justin Bieber - DOTTED LINE (LIVE FROM COACHELLA (Weekend I) / Audio),2026-06-26T04:00:10Z,35775,1256,91,PT2M40S,none
-cVnPNI6c6k,UCIwFjwMjI0y7PDBVEO9-bkQ,Justin Bieber,Justin Bieber - THINGS YOU DO (LIVE FROM COACHELLA (Weekend I) / Audio),2026-06-26T04:00:09Z,52880,1428,101,PT2M18S,none
zdkbad6FCVk,UCIwFjwMjI0y7PDBVEO9-bkQ,Justin Bieber,Justin Bieber - BUTTERFLIES (LIVE FROM COACHELLA (Weekend I) / Audio),2026-06-26T04:00:09Z,71878,1590,88,PT3M4S,none
GuOt7iANSO4,UCIwFjwMjI0y7PDBVEO9-bkQ,Justin Bieber,Justin Bieber - EVERYTHING HALLELUJAH (LIVE FROM COACHELLA (Weekend I) / Audio),2026-06-26T04:00:07Z,95790,2271,167,PT4M36S,none
PJfQvj1xu_E,UCIwFjwMjI0y7PDBVEO9-bkQ,Justin Bieber,Justin Bieber - WALKING AWAY (LIVE FROM COACHELLA (Weekend I) / Audio),2026-06-26T04:00:07Z,84398,2783,172,PT3M56S,none
qbkWB0oM3ZI,UCIwFjwMjI0y7PDBVEO9-bkQ,Justin Bieber,Justin Bieber - TOO LONG (LIVE FROM COACHELLA (Weekend I) / Audio),2026-06-26T04:00:07Z,48353,1372,92,PT1M25S,none
66juKHjLCPY,UCIwFjwMjI0y7PDBVEO9-bkQ,Justin Bieber,"Justin Bieber, Mk.gee - DAISIES (LIVE FROM COACHELLA (Weekend I) / Audio)",2026-06-26T04:00:06Z,235400,8087,567,PT4M19S,none
mxHgs0BaTHs,UCIwFjwMjI0y7PDBVEO9-bkQ,Justin Bieber,Justin Bieber - GLORY VOICE MEMO (LIVE FROM COACHELLA (Weekend I) / Audio),2026-06-26T04:00:04Z,45750,1211,79,PT1M31S,none
62JRb2YjPpU,UCIwFjwMjI0y7PDBVEO9-bkQ,Justin Bieber,"Justin Bieber, Tems - I THINK YOU'RE SPECIAL (LIVE FROM COACHELLA (Weekend I) / Audio)",2026-06-26T04:00:03Z,20811,1284,86,PT2M56S,none
Z_QZ4DdA-l4,UCIwFjwMjI0y7PDBVEO9-bkQ,Justin Bieber,Justin Bieber - ZUMA HOUSE (LIVE FROM COACHELLA (Weekend I) / Audio),2026-06-26T04:00:02Z,40287,1237,87,PT1M52S,none
A8ZMzNIAEWc,UCIwFjwMjI0y7PDBVEO9-bkQ,Justin Bieber,Justin Bieber - GO BABY (LIVE FROM COACHELLA (Weekend I) / Audio),2026-06-26T04:00:01Z,87487,4487,382,PT3M20S,none
vpPoziVQB7A,UCIwFjwMjI0y7PDBVEO9-bkQ,Justin Bieber,Justin Bieber - FIRST PLACE (LIVE FROM COACHELLA (Weekend I) / Audio),2026-06-26T04:00:01Z,40351,2963,252,PT3M23S,none
iLF0ZNdhNM0,UCIwFjwMjI0y7PDBVEO9-bkQ,Justin Bieber,Justin Bieber - YUKON (Live From The 68th Grammy Awards / 2026),2026-04-16T22:39:31Z,9624230,167582,6373,PT5M9S,none
euBEwEENOr0,UCIwFjwMjI0y7PDBVEO9-bkQ,Justin Bieber,Justin Bieber - BAD HONEY,2025-10-07T14:01:06Z,13107141,147567,8460,PT2M37S,none
4WcD2ncHMVs,UCIwFjwMjI0y7PDBVEO9-bkQ,Justin Bieber,Justin Bieber - SPEED DEMON,2025-09-22T05:16:16Z,24234023,240782,13300,PT3M31S,none
pSH9Ji8-pjI,UCIwFjwMjI0y7PDBVEO9-bkQ,Justin Bieber,"Justin Bieber, Bakar - DON'T WANNA (Audio)",2025-09-05T13:42:39Z,2867637,14163,725,PT2M46S,none
u-NC-8sgTd4,UCIwFjwMjI0y7PDBVEO9-bkQ,Justin Bieber,"Justin Bieber, Tems - I THINK YOU'RE SPECIAL (Audio)",2025-09-05T13:42:39Z,5903698,46825,1801,PT2M46S,none
uWX7Tt5yQXo,UCIwFjwMjI0y7PDBVEO9-bkQ,Justin Bieber,Justin Bieber - EYE CANDY (Audio),2025-09-05T13:42:39Z,3156374,25532,1592,PT3M58S,none
BEsAhEAjC8Y,UCIwFjwMjI0y7PDBVEO9-bkQ,Justin Bieber,Justin Bieber - LOVE SONG (Audio),2025-09-05T13:42:37Z,4606577,24976,1058,PT2M53S,none
JBDiQfJQ9OQ,UCIwFjwMjI0y7PDBVEO9-bkQ,Justin Bieber,"Justin Bieber, Hurricane Chris - POPPIN’ MY S*** (Audio)",2025-09-05T13:42:37Z,2035812,18649,713,PT2M7S,none
NRYNqFi4Cj4,UCIwFjwMjI0y7PDBVEO9-bkQ,Justin Bieber,Justin Bieber - WITCHYA (Audio),2025-09-05T13:42:37Z,2800724,16618,492,PT2M44S,none
Qa9P6DO_NVk,UCIwFjwMjI0y7PDBVEO9-bkQ,Justin Bieber,Justin Bieber - LYIN' (Audio),2025-09-05T13:42:37Z,2077808,10063,257,PT3M7S,none
ULTXmaDQLVk,UCIwFjwMjI0y7PDBVEO9-bkQ,Justin Bieber,Justin Bieber - MOVING FAST (Audio),2025-09-05T13:42:37Z,1823758,8686,289,PT3M22S,none
YSpRD97DpG4,UCIwFjwMjI0y7PDBVEO9-bkQ,Justin Bieber,Justin Bieber - STORY OF GOD (Audio),2025-09-05T13:42:37Z,1466515,20928,1234,PT7M47S,none
cfId7qz939c,UCIwFjwMjI0y7PDBVEO9-bkQ,Justin Bieber,Justin Bieber - NEED IT (Audio),2025-09-05T13:42:37Z,2601715,17350,645,PT3M40S,none
gFEj54TF_fc,UCIwFjwMjI0y7PDBVEO9-bkQ,Justin Bieber,Justin Bieber - I DO (Audio),2025-09-05T13:42:37Z,4666829,31141,1155,PT3M44S,none
oIhrJRuBFt8,UCIwFjwMjI0y7PDBVEO9-bkQ,Justin Bieber,"Justin Bieber, Eddie Benjamin - OPEN UP YOUR HEART (Audio)",2025-09-05T13:42:37Z,2115251,11570,524,PT3M35S,none
pOyhJ5M5wPw,UCIwFjwMjI0y7PDBVEO9-bkQ,Justin Bieber,"Justin Bieber, Lil B - SAFE SPACE (Audio)",2025-09-05T13:42:37Z,1827428,9698,457,PT3M15S,none
8NzcDH8shew,UCIwFjwMjI0y7PDBVEO9-bkQ,Justin Bieber,Justin Bieber - MOTHER IN YOU (Audio),2025-09-05T13:42:36Z,3292990,25162,919,PT3M26S,none
-2v1RYSZDu0,UCIwFjwMjI0y7PDBVEO9-bkQ,Justin Bieber,Justin Bieber - ALL THE WAY (Audio),2025-09-05T13:42:32Z,4416463,19386,733,PT3M22S,none
44LtpCQfDxA,UCIwFjwMjI0y7PDBVEO9-bkQ,Justin Bieber,Justin Bieber - OH MAN (Audio),2025-09-05T13:42:32Z,3009119,15345,858,PT3M13S,none
4OMWu62Ysu4,UCIwFjwMjI0y7PDBVEO9-bkQ,Justin Bieber,Justin Bieber - PETTING ZOO (Audio),2025-09-05T13:42:32Z,2522867,17187,650,PT3M17S,none
59zOyvgtZRM,UCIwFjwMjI0y7PDBVEO9-bkQ,Justin Bieber,Justin Bieber - BAD HONEY (Audio),2025-09-05T13:42:32Z,2104996,11114,404,PT2M37S,none
5wtW1O9u6AI,UCIwFjwMjI0y7PDBVEO9-bkQ,Justin Bieber,Justin Bieber - WHEN IT'S OVER (Audio),2025-09-05T13:42:32Z,2137682,6930,240,PT2M35S,none
7h9a_0opSIQ,UCIwFjwMjI0y7PDBVEO9-bkQ,Justin Bieber,Justin Bieber - SPEED DEMON (Audio),2025-09-05T13:42:32Z,5553442,56227,2681,PT3M32S,none
8ASA0XZDpno,UCIwFjwMjI0y7PDBVEO9-bkQ,Justin Bieber,Justin Bieber - DOTTED LINE (Audio),2025-09-05T13:42:32Z,2018848,6691,218,PT2M28S,none
8lxMKZVChvE,UCIwFjwMjI0y7PDBVEO9-bkQ,Justin Bieber,Justin Bieber - EVERYTHING HALLELUJAH (Audio),2025-09-05T13:42:32Z,6037648,50042,1377,PT4M9S,none
9q4919iDb9Y,UCIwFjwMjI0y7PDBVEO9-bkQ,Justin Bieber,Justin Bieber - BETTER MAN (Audio),2025-09-05T13:42:32Z,4174111,29092,1452,PT2M49S,none
EGKfSUDAiFg,UCIwFjwMjI0y7PDBVEO9-bkQ,Justin Bieber,Justin Bieber - FIRST PLACE,2025-08-13T18:00:41Z,9925588,168385,8168,PT3M21S,none
fXivMSJm_kA,UCIwFjwMjI0y7PDBVEO9-bkQ,Justin Bieber,Justin Bieber - YUKON,2025-08-05T19:46:16Z,67978926,606749,21269,PT3M3S,none
wiV8lwhv8tc,UCIwFjwMjI0y7PDBVEO9-bkQ,Justin Bieber,"Justin Bieber, Sexyy Red - SWEET SPOT (Audio)",2025-07-11T04:23:55Z,3631480,72007,5979,PT3M6S,none
SpbDwr7HZdw,UCIwFjwMjI0y7PDBVEO9-bkQ,Justin Bieber,"Justin Bieber, Dijon - DEVOTION (Audio)",2025-07-11T04:23:53Z,4085744,60016,2564,PT3M55S,none
ZYwUJj732Nk,UCIwFjwMjI0y7PDBVEO9-bkQ,Justin Bieber,"Justin Bieber, Druski - THERAPY SESSION (Audio)",2025-07-11T04:23:53Z,2682957,17846,849,PT1M19S,none
cfhRITCzKGE,UCIwFjwMjI0y7PDBVEO9-bkQ,Justin Bieber,Justin Bieber - GO BABY (Audio),2025-07-11T04:23:53Z,17187992,208273,6895,PT3M15S,none
msGuqelopMA,UCIwFjwMjI0y7PDBVEO9-bkQ,Justin Bieber,Justin Bieber - DAISIES (Audio),2025-07-11T04:23:53Z,69238197,394166,13263,PT2M57S,none
nSW1KpuB4C0,UCIwFjwMjI0y7PDBVEO9-bkQ,Justin Bieber,"Justin Bieber, Lil B - DADZ LOVE (Audio)",2025-07-11T04:23:53Z,2217882,30260,1512,PT2M26S,none
ncX3ue51GFg,UCIwFjwMjI0y7PDBVEO9-bkQ,Justin Bieber,Justin Bieber - BUTTERFLIES (Audio),2025-07-11T04:23:53Z,3686941,48677,2183,PT3M14S,none
nhK5PPavwaM,UCIwFjwMjI0y7PDBVEO9-bkQ,Justin Bieber,"Justin Bieber, Cash Cobain, Eddie Benjamin - SWAG (Audio)",2025-07-11T04:23:53Z,4175238,97121,5074,PT2M31S,none
ogVL5Hdh8Po,UCIwFjwMjI0y7PDBVEO9-bkQ,Justin Bieber,Justin Bieber - ALL I CAN TAKE (Audio),2025-07-11T04:23:53Z,7299145,94108,5248,PT4M8S,none
rBohw-FLIQY,UCIwFjwMjI0y7PDBVEO9-bkQ,Justin Bieber,Justin Bieber - 405 (Audio),2025-07-11T04:23:53Z,2614177,43641,2130,PT3M33S,none
sbF2O_LOyyQ,UCIwFjwMjI0y7PDBVEO9-bkQ,Justin Bieber,Justin Bieber - WALKING AWAY (Audio),2025-07-11T04:23:53Z,20596024,146885,5762,PT4M4S,none
-VsIU-7cPeQ,UCIwFjwMjI0y7PDBVEO9-bkQ,Justin Bieber,Justin Bieber - THINGS YOU DO (Audio),2025-07-11T04:23:51Z,5729948,66161,3196,PT1M49S,none
27ZV7_fRHiQ,UCIwFjwMjI0y7PDBVEO9-bkQ,Justin Bieber,"Justin Bieber, Gunna - WAY IT IS (Audio)",2025-07-11T04:23:51Z,5607685,78172,4413,PT3M16S,none
2zI5bnPDdm0,UCIwFjwMjI0y7PDBVEO9-bkQ,Justin Bieber,Justin Bieber - ZUMA HOUSE (Audio),2025-07-11T04:23:51Z,2151882,29903,1579,PT1M24S,none
4sQwWK2rsIk,UCIwFjwMjI0y7PDBVEO9-bkQ,Justin Bieber,Justin Bieber - TOO LONG (Audio),2025-07-11T04:23:51Z,4949678,80487,4679,PT3M5S,none
9xAT7u9_30s,UCIwFjwMjI0y7PDBVEO9-bkQ,Justin Bieber,Justin Bieber - FIRST PLACE (Audio),2025-07-11T04:23:51Z,2375950,43320,2111,PT3M21S,none
DjFK4OutMQA,UCIwFjwMjI0y7PDBVEO9-bkQ,Justin Bieber,Justin Bieber - GLORY VOICE MEMO (Audio),2025-07-11T04:23:51Z,2722754,23761,1131,PT1M25S,none
K-6mKuplEQc,UCIwFjwMjI0y7PDBVEO9-bkQ,Justin Bieber,"Justin Bieber, Druski - STANDING ON BUSINESS (Audio)",2025-07-11T04:23:51Z,2357299,26045,1322,PT51S,none
OI6Fbh-g2Zo,UCIwFjwMjI0y7PDBVEO9-bkQ,Justin Bieber,"Justin Bieber, Marvin Winans - FORGIVENESS (Audio)",2025-07-11T04:23:51Z,1816201,55878,4341,PT1M31S,none
PNpsJ--XGOo,UCIwFjwMjI0y7PDBVEO9-bkQ,Justin Bieber,Justin Bieber - YUKON (Audio),2025-07-11T04:23:51Z,10904107,110243,4136,PT2M44S,none
SI5_flpnH-U,UCIwFjwMjI0y7PDBVEO9-bkQ,Justin Bieber,"Justin Bieber, Druski - SOULFUL (Audio)",2025-07-11T04:23:51Z,2452611,19568,1040,PT37S,none
z5AIMF1BjOE,UCIwFjwMjI0y7PDBVEO9-bkQ,Justin Bieber,Drew House TOKYO #shorts,2022-11-21T16:29:07Z,3150784,55372,5458,PT42S,none
_lpSCOZ1PCo,UCIwFjwMjI0y7PDBVEO9-bkQ,Justin Bieber,Justin Bieber X Free Fire - Beautiful Love (Free Fire) [Official Video],2022-09-18T13:00:18Z,12718329,374963,14679,PT3M33S,none
ZMH9AMwAk34,UCIwFjwMjI0y7PDBVEO9-bkQ,Justin Bieber,"Justin Bieber, Don Toliver - Honest (The Making Of ‘Honest’ / Vevo Footnotes)",2022-06-15T16:00:17Z,7457251,131600,5544,PT3M32S,none
-78y2WW4YDA,UCIwFjwMjI0y7PDBVEO9-bkQ,Justin Bieber,#shorts,2022-05-31T17:54:49Z,3743153,145700,3566,PT11S,none
